event_id,event_final_rms_s_preferred,event_final_rms_s_1d
SGC2022artrvc,0.16824901504211465,0.22089164245872625
SGC2022atuhog,0.1828588255635519,0.3152994560239514
SGC2022ebwimr,0.21497636966787453,0.12128006045386505
SGC2022eerayx,0.1740198427153086,0.19829716623785082
SGC2022ejorkx,0.18007541706967325,0.3596215154985854
SGC2022ejuxbk,0.16792981010651647,0.3107057005889471
SGC2022ekfcwe,0.1592309333473892,0.21771265269562332
SGC2022eufbly,0.2143888317362798,0.3006682797149486
SGC2022fvcttj,0.04946978813709977,0.2148842576163007
SGC2022gsqhpp,0.1153358820711124,0.3454307211892281
SGC2022gsypmc,0.30762140881232863,0.4094358053121899
SGC2022hbejng,0.22022195746691609,0.3050750137930501
SGC2022hkfulx,0.32857839650950454,0.4389879694442629
SGC2022hytacc,0.2973503593452905,0.5058888534616509
SGC2022idsong,0.25822910728605253,0.39364711071349057
SGC2022isghxb,0.6236476277788012,0.49101680608668397
SGC2022ivxqti,0.40417222772769257,0.40814611487345986
SGC2022iwexvy,0.3499410423973417,0.41449284342217557
SGC2022jqatwp,0.9244992733829396,0.8398066279722932
SGC2022jqkomn,0.07939526938209227,0.3040926935706593
SGC2022jsbjmc,0.3281736380742298,0.3375463047316589
SGC2022kfnnrf,0.36655030157296026,0.36342118158126085
SGC2022kfsawo,0.653869840545158,0.6272712722638831
SGC2022klcexz,0.19017461862404134,0.28819663947663343
SGC2022klllct,0.3082946623698835,0.13999761518483764
SGC2022klqcfi,0.27272150061777856,0.1535944482428314
SGC2022krvcyw,0.40016266770689474,0.3446862518274177
SGC2022lejpvt,0.24771630668022707,0.22765518781240227
SGC2022lfhxlh,0.1380883953625549,0.15355101670291005
SGC2022libmnm,0.31934631065543206,0.3048268427924802
SGC2022lvdnwz,0.27086141713408945,0.3458134471722145
SGC2022mkdbmg,0.3437138706066735,0.25325533814092055
SGC2022mpwlsg,0.18281657199566187,0.2406424143880004
SGC2022ndxefy,0.13697312627652136,0.3533213487940435
SGC2022njhkeb,0.29909562404768786,0.36107508467848615
SGC2022obwjqd,0.1932750197422842,0.27413682691543756
SGC2022opvetu,0.30189983624979505,0.24887841350984327
SGC2022pkzwpk,0.3444358045880073,0.2544149195570508
SGC2022qlkvra,0.26767739679545693,0.25125663475339655
SGC2022reqafp,0.24725098044749858,0.4737755945795844
SGC2022reqbqc,0.44297548782134727,0.44343006425974696
SGC2022rfeklc,0.3395824985742003,0.3124565634712411
SGC2022rkgswz,0.44656295589487305,0.5203809651293485
SGC2022rksozr,0.2879725612299672,0.38231790691924217
SGC2022rmddhb,0.343969970326696,0.30466184939248075
SGC2022rmxeev,0.22953864476106048,0.35306089221697134
SGC2022rqyblm,0.7455894598736246,0.7500252955953411
SGC2022rrikpv,0.20146854618153331,0.3410558273314296
SGC2022rstsws,0.26075710959156484,0.39372529989282495
SGC2022shmypy,0.16991696325717787,0.31119857485011115
SGC2022sjblez,0.5101331186465928,0.5986112855957
SGC2022swmajy,0.2346004755263527,0.2124456915018053
SGC2022swzvpe,0.2733717023582527,0.2019317873447504
SGC2022tmzlgb,0.2592879763399763,0.28011727658435176
SGC2022tyeupi,0.14004283187151556,0.15394191491686243
SGC2022uhxvtn,0.36344015225125204,0.4629540460670644
SGC2022uvvpiw,0.23539915919851945,0.3194972127351729
SGC2022uwhlfy,0.04485967191297981,0.1860019066906244
SGC2022uxirno,0.7462596211897179,0.3748104984228303
SGC2022uzdcga,0.32076938213278694,0.18595863102569715
SGC2022uzixqk,0.2826581560680472,0.12715148656110303
SGC2022uzogxz,0.1441225238517921,0.17712060760889672
SGC2022uzsgqi,0.7271529703776023,0.5498560683238095
SGC2022vakfnx,0.24520343397999386,0.18255216105111496
SGC2022vazlwu,0.3286195175269543,0.34819657905580464
SGC2022vddeut,0.33918802164656553,0.3591759464217061
SGC2022vfmdyf,0.7351802105806545,0.9094740380482242
SGC2022vfotxe,0.7880870528450653,0.6362286487040264
SGC2022vgtrqo,0.3051894248165279,0.16106064178271048
SGC2022vhzdmg,0.1920573930787246,0.33840089728249584
SGC2022vkzqzd,0.2695565847398235,0.37882862134945544
SGC2022vlsmbm,0.29054037934859506,0.2014039794051997
SGC2022vofrqb,0.6720832222969911,0.5994231590914351
SGC2022vonreq,0.2484067442262011,0.45515215675666415
SGC2022vpzzmc,0.15268017072861867,0.0892611864348758
SGC2022vspqxm,0.3739919495515072,0.055539484859061246
SGC2022vsyeya,0.396392429660269,0.43659507512654705
SGC2022vtjyqw,0.19909403577177381,0.19381721978686606
SGC2022vukpun,0.2575834501669972,0.09881650302560942
SGC2022vvaspr,0.2669259898451176,0.24133771523601397
SGC2022vvsevx,0.23623625512346938,0.43287981087133126
SGC2022vwoysu,0.14863822557570075,0.19679765997594326
SGC2022wasdhr,0.27061743799779786,0.1669880407073037
SGC2022wdlvty,0.26762013286055475,0.3791491007766938
SGC2022wfeany,0.284944978891495,0.2785358808553162
SGC2022wfnivb,0.5755629273596059,0.7553647602803569
SGC2022wgcrbt,0.5244948546840097,0.69605349275744
SGC2022wgcvow,0.14833777104111737,0.4090001779686805
SGC2022wgjktd,0.2918642782441602,0.16685101607178704
SGC2022whuhow,0.24116219023206686,0.2744319446675446
SGC2022wiiemr,0.5471604475797331,0.637271955396804
SGC2022wiqfyy,0.48250739723038283,0.4103427445846106
SGC2022wirihc,0.5735161439298624,0.676401733134936
SGC2022wjlbzn,0.24085524820577067,0.37367403304117
SGC2022wkiprb,0.1581533670572825,0.223577415324299
SGC2022wkkito,0.1681518708647573,0.18858336922321434
SGC2022wkvvvy,0.16705712227924718,0.21590467848659045
SGC2022wlpcgt,0.24754360063544237,0.1477891164375542
SGC2022wmbjxm,0.1677279595003576,0.20813421086027026
SGC2022wmcini,0.32918711519993726,0.23301462387950106
SGC2022wmgihz,0.39528707733347224,0.17068237248893225
SGC2022wmlxhr,0.7492874539597286,0.17295821468590383
SGC2022wnhcmb,0.6863754792671033,0.5739530981788381
SGC2022wuifij,0.10539206444204387,0.03242337101284052
SGC2022wuvoqf,1.034709511953681,0.8734872356817102
SGC2022wvatxu,0.205037251684847,0.14690608015421314
SGC2022wvewry,0.27050132049038117,0.24179139445737852
SGC2022wvkzqi,0.17300210801436064,0.18190465107455592
SGC2022wvwxvr,0.1491073303360796,0.20011395243763022
SGC2022wwfiss,0.19540204094345018,0.3396170815941126
SGC2022wwnjbd,0.21761009248847663,0.19164830984214248
SGC2022wxcoux,0.30267302831372,0.2442770864441989
SGC2022wxgxlt,0.0834044203041754,0.1125917851984289
SGC2022wyhzuh,0.5972735985628099,0.5594130923765335
SGC2022wyzgqh,0.1708706431719078,0.401663876500771
SGC2022wzjitd,0.23485593316520834,0.2664742461687758
SGC2022wzzmkc,0.42793868570282273,0.37513133856360886
SGC2022xafqne,0.2522126899399973,0.3927520906012719
SGC2022xalvej,0.09078807168099005,0.11683325921509616
SGC2022xaydjm,0.27818530268536257,0.45196293238439306
SGC2022xbosss,0.23098591396711896,0.3100357808870605
SGC2022xclmbr,0.1466536591192016,0.2457237577863914
SGC2022xcmnuj,0.18195512046674,0.11410484788233048
SGC2022xcvcps,0.7026721246981219,0.6302928161738539
SGC2022xdqijv,0.268416510704035,0.2958229407108489
SGC2022xebrux,0.12071378576649802,0.16094451029633147
SGC2022xefnvl,0.29468573199030573,0.4226032279320365
SGC2022xidlty,0.5467430637401377,0.3590845909411813
SGC2022xiloob,0.5322398722822003,0.46030742808086095
SGC2022xjhqvx,0.1727595903780036,0.1952079731521596
SGC2022xjopgm,0.4675202042228885,0.28793789428758443
SGC2022xjxxaf,0.21699128283657085,0.037099604041814206
SGC2022xkexaq,0.1533461629031988,0.21313273519850534
SGC2022xkvwdt,0.06261764667733977,0.14253153439860408
SGC2022xleovs,0.1755632635306874,0.11048968835488215
SGC2022xlfwwf,0.7164876572253995,0.8059138619891186
SGC2022xndkre,0.1397689536026952,0.1137539388269095
SGC2022xnvxpq,0.3630275844344695,0.44385548772360767
SGC2022xnyxle,0.2290254806526207,0.2858444884964177
SGC2022xogzqt,0.24410696228171852,0.2642557208531821
SGC2022xohehk,0.1633263867602687,0.2684616931832547
SGC2022xokzlt,0.1346558172343577,0.24797495472280856
SGC2022xonpvo,0.15717848890056627,0.2136957521592726
SGC2022xopelo,0.1216534735292747,0.25735450476032734
SGC2022xpjdjx,0.16208877158390547,0.15946542012412976
SGC2022xpyojh,0.3067119940613419,0.10504754765253496
SGC2022xufgvc,0.20782997270025888,0.12782299007818126
SGC2022xvoqcl,0.08150229271296874,0.12889209675729218
SGC2022xvwpyg,0.1110177211494893,0.23928289634443947
SGC2022xygkdm,0.3642418163222438,0.4857287789875587
SGC2022yauabz,0.27036649630522575,0.3591946268475237
SGC2022ybghoj,0.1935493385206589,0.18671910616688783
SGC2022ycfyzh,0.225685536858409,0.3551755883390067
SGC2022ycttrf,0.37456358136913437,0.4049594426556831
SGC2022ydaqlk,0.9526751336291243,0.83502077759925
SGC2022yduxdl,0.3304914981920675,0.30858948629073824
SGC2022yelnol,0.11965525664630074,0.26219156356739226
SGC2022yesuam,0.3277671651508973,0.5978416474951194
SGC2022yfcina,0.14877704662453087,0.17534213331231005
SGC2022yfinto,0.14648550437487654,0.22528179849328447
SGC2022yfjtmh,0.16382370619678904,0.22322339081341422
SGC2022yfoxop,0.400273270314056,0.4598377874104198
SGC2022yfztoz,0.21245879145589328,0.10332998621380092
SGC2022ygakgr,0.21897812197877453,0.17091848306441357
SGC2022yhmsqv,0.4712135074291325,0.27090945087190665
SGC2022yhtltr,0.3449026356621022,0.36486512256034237
SGC2022yjefnu,0.2972554697313221,0.41693656473443763
SGC2022yjuevm,0.11609693092839392,0.19176301038329513
SGC2022ylfpiq,0.24278491328123744,0.2317322872103583
SGC2022ylnlah,0.23600900203203654,0.29049536124660746
SGC2022ylrmph,0.15876419272022343,0.3408251471591954
SGC2022ympqby,0.4938876983274079,0.563124221111238
SGC2022ynfdxk,0.11356133070787075,0.1599468914830169
SGC2022ynjdqd,0.39591495588530123,0.21111127718396275
SGC2022ynumkq,0.6361951678710999,0.6372759784252721
SGC2022yovwnf,0.2776721355278656,0.24414824129634435
SGC2022yshsek,0.1884780145250589,0.23099896128680092
SGC2022yskrro,0.14901985139550575,0.2014818503499419
SGC2022ytixha,0.393730220741701,0.21127993060591932
SGC2022yuxpbl,0.19939149988428082,0.33092055696370015
SGC2022yvnkiu,0.29013272175735305,0.186121693950961
SGC2022ywfrfk,0.12836155277230862,0.21560402118923527
SGC2022ywoken,0.2437968504593818,0.45823126109934403
SGC2022yydkev,0.06329029979028997,0.18859306465742895
SGC2022yyhbgu,0.13777831507678,0.2486175744723821
SGC2022yyiacp,0.15942851680329226,0.1748582736162246
SGC2022yyzdiz,0.42256735156334896,0.5577916547576564
SGC2022yzdtke,0.0922805932346047,0.21032992439827414
SGC2022yzwpbb,0.20069839045013316,0.1674025386187217
SGC2022zaiput,0.1475118227606381,0.1660659237004454
SGC2022zakhcj,0.15131754835879951,0.1344185053522978
SGC2022zblbhz,0.16287443141745947,0.33021122486135807
SGC2022zbzwbc,0.3294208310905023,0.31804485792465015
SGC2022zcpojj,0.19603500961314346,0.1351196718362314
SGC2022zdhmgz,0.1219066723231682,0.32282734315273387
SGC2022zdjlqx,0.3818438360928359,0.31709493052210214
SGC2022zdncla,0.9178715343247017,0.7905170356133511
SGC2022zdufji,0.25749626815900695,0.2947001513321236
SGC2022zendbv,0.2090692411607284,0.25028575584006596
SGC2022zgaozs,0.13278579413827524,0.1580775924964044
SGC2022zgfiyy,0.6678924891209325,0.7139042091871068
SGC2022zhopbx,0.13283939492734526,0.23099688587402278
SGC2022zhrahc,0.3704604942846683,0.20060629202668884
SGC2022zinpkq,0.13693983243258864,0.12246542363180392
SGC2022zjgkjl,0.11395194759379997,0.30766629431292913
SGC2022zjmjin,0.2769779121408512,0.08771015350768935
SGC2022zkwwgd,0.2768030816734723,0.2226494929821789
SGC2022znnphr,0.0419312545245859,0.09042168708749389
SGC2022zqtxhj,0.10198449436329615,0.2822519825417236
SGC2022zqushg,0.24134401157041335,0.17156689315097004
SGC2022zrfypq,0.10436923073465698,0.1256309195744894
SGC2022zsougb,0.18894167173425114,0.15661050864700096
SGC2022zswjfn,0.20661054755901945,0.17016555474697265
SGC2022zszise,0.07209764803332369,0.19989897360924544
SGC2022ztajnf,0.20271565965075522,0.1958192178033522
SGC2022ztphvc,0.1921280951853676,0.11009902662139029
SGC2023aarchp,0.13387336802284597,0.2107598324400245
SGC2023aarcxm,0.06716704821536768,0.1574048812036954
SGC2023aasjqj,0.2610155771834566,0.3039868602270649
SGC2023abzyhw,0.040277357818979065,0.2906954732892778
SGC2023acggtw,0.27732609420594273,0.3287558538880036
SGC2023acscto,0.23347086589017693,0.35762652921178206
SGC2023aflejx,0.5185368501635692,0.6240598276474525
SGC2023afqhyw,0.20692810070398351,0.22399649663506002
SGC2023ageiak,0.32291546214111,0.6162610765074655
SGC2023agufsq,0.25421395111150563,0.23703607234347024
SGC2023ahkqrx,0.5494454052687081,0.33828830177578934
SGC2023aibbna,0.10913451454246027,0.1999414306995344
SGC2023aieshj,0.2697774723949683,0.26132210141314577
SGC2023airmww,0.18724045138929882,0.15004566855733964
SGC2023aisttn,0.17658480957485412,0.34391548082354273
SGC2023ajctha,0.29685674821189084,0.30229306975242853
SGC2023ajetdo,0.14432636429714488,0.16179902754230274
SGC2023ajhiqw,0.40277794461354305,0.4462623184799673
SGC2023ajnqjp,0.20160054294211005,0.12817966048238844
SGC2023akgcos,0.3264141549075525,0.2793975560250168
SGC2023akggpf,0.5907455365706507,0.4806409860027237
SGC2023akwqoi,0.17027516659163203,0.14406764383284762
SGC2023alinde,0.33970326025155945,0.20318908212436634
SGC2023alwkvy,0.16163255649537933,0.18278065526489304
SGC2023amprep,0.20807890233525062,0.2338331576886622
SGC2023amrubr,0.7491160061497235,0.8184799013383312
SGC2023amxrgm,0.195319645383815,0.1999455088487909
SGC2023amzmuc,0.36269964207290933,0.33107853533376425
SGC2023anchdr,0.2831757467248275,0.3707611225079354
SGC2023anepfp,0.33906215043292753,0.3499141268741209
SGC2023anotin,0.33595021458362406,0.3003907199397918
SGC2023anyqdm,0.4064636762384172,0.3019952615551312
SGC2023apewsk,0.3920707691017565,0.2615370849578113
SGC2023aqhmbd,0.47396511656931006,0.4144214913539466
SGC2023aqixkz,0.5579153548915481,0.4642488156441104
SGC2023aquzjv,0.1624876390610098,0.1858915925871772
SGC2023aqxdaa,0.22872002736772162,0.1419388891664312
SGC2023arvqnb,0.27278416102896674,0.1473738579040369
SGC2023arxybx,0.23911569472675145,0.13622456393320953
SGC2023asvunm,0.1563992745900915,0.17164775979561883
SGC2023autrdd,0.36692906888627247,0.5308273160301539
SGC2023auykoo,0.2754394467438145,0.11631398443575024
SGC2023avatxi,0.2786388746991234,0.19119306901239505
SGC2023avtpcq,0.28316150887870173,0.337784682959982
SGC2023awmqqy,0.3364415751674505,0.15295266870501117
SGC2023awozcj,0.17805595718386644,0.23282871119525225
SGC2023awpopc,0.3086208978721497,0.35537100562457274
SGC2023awsjjn,0.28606284758065087,0.16987637181243867
SGC2023aygbqk,0.1481219639482704,0.15153083536242065
SGC2023azgeyu,0.34626920341835493,0.37711604884792077
SGC2023azklpd,0.38482271257425715,0.37545448108457397
SGC2023baskzy,0.2553204436029247,0.198136455062795
SGC2023bbegtw,0.20069326887203398,0.288417358622318
SGC2023bdrunx,0.3654641083638072,0.26353549999812687
SGC2023bdykyx,0.3059308133476436,0.28038359923663203
SGC2023bfiqip,0.2648225369277198,0.11234103467035447
SGC2023bfspsf,0.4461146403096351,0.5333069302426101
SGC2023bfwuab,0.11785695229967844,0.16471438341347047
SGC2023bgydgw,0.2646012659269206,0.21204991476759175
SGC2023bgyjti,0.26237634994766057,0.20016152904430473
SGC2023bhnimu,0.28262969708050956,0.16518756192849318
SGC2023bhuhlk,0.4382401177071797,0.4442920372982245
SGC2023bidror,0.2641377254724245,0.1626994282822324
SGC2023bijvvj,0.1832482407645699,0.17943972146732604
SGC2023bjhhmw,0.12745856058556715,0.1611713704252541
SGC2023bkherp,0.34269353242269046,0.2443682895043054
SGC2023bmixxl,0.21413261069605563,0.28070229001242664
SGC2023bmveut,0.29671558824824196,0.3573407696261179
SGC2023bptttf,0.28463682491524495,0.31123442385690553
SGC2023bqqkpt,0.16903070163080616,0.2680378553986766
SGC2023bryayr,0.10039299056193932,0.4083614576676003
SGC2023bryest,0.043991328462331454,0.277698134750262
SGC2023btrmae,0.11140052668436067,0.15300652712470442
SGC2023btwpai,0.13518459799217972,0.10963621875233148
SGC2023bubshu,0.3343425695710202,0.18234610532388326
SGC2023bvylye,0.4840684439949486,0.4247572451125832
SGC2023bxwlxf,0.17529451949796246,0.027586653278684963
SGC2023ccmkpf,0.6188109225994735,0.7109431853273447
SGC2023cdhrcc,0.22687100392626247,0.06987001824788273
SGC2023cftens,0.6533536930737025,0.463976738517152
SGC2023cmxeaj,0.19251788818444612,0.3099937576808283
SGC2023cqpkhc,0.23530276652420734,0.2453984082408302
SGC2023cqwxbx,0.19571162262881528,0.2555505587243491
SGC2023cqxnny,0.26116705986230776,0.1910862344871816
SGC2023crclaa,0.2830869343071227,0.324050386279627
SGC2023cvqvao,0.42100733198635587,0.2875348869676412
SGC2023cxhxqa,0.2691282876773639,0.1428344475177808
SGC2023cxspid,0.42894149403468274,0.25049525034328685
SGC2023cxypfl,0.3144712977650989,0.24345488732746323
SGC2023czddpf,0.22380456211607141,0.24974358390160048
SGC2023davskd,0.2595722005849556,0.0804544089623206
SGC2023dblhaf,0.1572225234528227,0.3881773525609469
SGC2023dcdodo,0.15732972892299213,0.128979679558836
SGC2023ddbnjb,0.19177838694868377,0.19914284670939625
SGC2023ddhfnc,0.4886708176895801,0.37451054221439567
SGC2023ddosjo,0.3322821926011329,0.49065169769408185
SGC2023deghwb,0.2868965621286611,0.11737794489684049
SGC2023deiask,0.4431018746114684,0.43476139117419127
SGC2023dnvdvy,0.18457102721268784,0.21885158508569458
SGC2023drpkur,0.1771534288874922,0.24036475465639
SGC2023ebcpwv,0.15674401185689937,0.34710422265619206
SGC2023eemyvp,0.11160832724229161,0.17680289025697507
SGC2023ekgszq,0.1901314023673391,0.35577005846594845
SGC2023eszijx,0.2469713705046351,0.37367398941422625
SGC2023eszkhn,0.2624342352058311,0.36040084234668274
SGC2023eubynd,0.18648571055325297,0.1590077658504562
SGC2023euqzzb,0.1936451144331705,0.17097986801599757
SGC2023fazgui,0.12112082913225072,0.27157248534563366
SGC2023fgqlhi,0.12193374324415453,0.3662988992422117
SGC2023flsher,0.17778817648656386,0.3584818825565434
SGC2023fnwczi,0.37336902662546956,0.3996696815008927
SGC2023foaogn,0.23536364539912022,0.24831868848663588
SGC2023fpefdd,0.1666760175388009,0.2850266302885794
SGC2023fpmvxa,0.17614404859285443,0.24619049553308317
SGC2023fwgpfh,0.07566796645574343,0.2607198281736276
SGC2023gaqont,0.049158180115313144,0.20582962455656714
SGC2023gazvvw,0.31343268720538964,0.4102837549102068
SGC2023gmfuyb,0.10782435321101724,0.2124757780400224
SGC2023gmpunt,0.23841421363880808,0.2767637974539108
SGC2023grrrds,0.13392987111602553,0.3655506733542435
SGC2023heijma,0.24490655057965793,0.3572620159239364
SGC2023hiftsv,0.21496427938944634,0.2424618521522876
SGC2023hikjac,0.23690393663843515,0.40547513149831765
SGC2023hjhgjd,0.05644762428509919,0.1810060703443523
SGC2023hlsvil,0.3272579309091436,0.32665229265959883
SGC2023hojtot,0.427750247680372,0.41874309455130054
SGC2023hotmsm,0.19689480062856224,0.2484071639122807
SGC2023hovoaf,0.18224701767184223,0.23004667528106945
SGC2023hpecvm,0.17979997980589968,0.1875636761699056
SGC2023hqtcfg,0.2305586957962825,0.3113754323953605
SGC2023hqxgip,0.141350815948087,0.28930189280540164
SGC2023hrwvis,0.29748699757195435,0.3348440366260814
SGC2023hsuugo,0.3208235519603787,0.26282501297661603
SGC2023htxyhp,0.3867977521035688,0.37894256976560703
SGC2023hubsum,0.351428132966274,0.46287289535151666
SGC2023hwkvbl,0.45190507846716677,0.5922033652942331
SGC2023hxkbla,0.5448250921807325,0.5304975871938921
SGC2023hzgcnw,0.14369174167013776,0.2680074039886594
SGC2023iahrzj,0.29579001487826934,0.1092640383516197
SGC2023ibuwyb,0.20741271416983117,0.15208325733251743
SGC2023ifktzh,0.19827477324516474,0.21364130303048628
SGC2023igbihw,0.3029078518390773,0.4147402577001559
SGC2023igckjk,0.25020190321055824,0.4214501250372531
SGC2023ignvdy,0.2970864291899449,0.3765056476697046
SGC2023iixzcc,0.20338478397090962,0.25766305330003436
SGC2023ijfomb,0.25041814750098434,0.26063746315721714
SGC2023ininpp,0.11888722641925903,0.1486668580103903
SGC2023iqueuf,0.2512306637878111,0.3157848925864866
SGC2023itixdc,0.2866347515169629,0.35472627338701346
SGC2023itlddj,0.1539401785367914,0.3095606608894228
SGC2023ivykxo,0.32502252512649343,0.25922106217317026
SGC2023ixnvfh,0.3683763868127135,0.31664707069042713
SGC2023iywhuy,0.18044167922201446,0.21822049511312241
SGC2023jdezjr,0.1967704212639885,0.24638709551598076
SGC2023jffupy,0.2082561129531742,0.2915692033252132
SGC2023jfwrtn,0.19170795509669544,0.32681018135151685
SGC2023jkzmfe,0.08398515333947357,0.2498101994599154
SGC2023jlaadh,0.211293310995263,0.2538785943483548
SGC2023jlrhou,0.12371837385192758,0.2240922535085556
SGC2023jmvhpf,0.35628300973559707,0.6138123375672853
SGC2023jolvpa,0.15734368565497264,0.24931096682193568
SGC2023jomtjg,0.3606590969918857,0.345552540539323
SGC2023jptken,0.124817281984962,0.3030189174894483
SGC2023jrgeuv,0.1876494184562793,0.37579630943712744
SGC2023jsgbza,0.12306578164867765,0.2928889706189333
SGC2023jtnkga,0.7052139870431785,0.6528635385090645
SGC2023jxlbsl,0.19678260701891384,0.2295406364323956
SGC2023jxlwtr,0.25175978299487006,0.3719431227251093
SGC2023jzhwrv,0.1293844535388677,0.13989837669155294
SGC2023kcbilg,0.31512187661244456,0.10156689649565734
SGC2023kgdaki,0.19110153895608137,0.20342070550571945
SGC2023kgowjo,0.1761339911554306,0.29551239796001566
SGC2023kiirwu,0.1521467653955881,0.28711077409087454
SGC2023kkzdrr,0.11742516764583194,0.2874638979305825
SGC2023kqqcxi,0.47220744837911816,0.44837235983806945
SGC2023lcplky,0.10033245152090615,0.23542854003728692
SGC2023ljqmeh,0.18849135699908284,0.2253355795923551
SGC2023lkxjhi,0.22471134281105842,0.3258697794367769
SGC2023lrxsdt,0.510080718966034,0.7004200945927904
SGC2023lzkdnd,0.3388672699775827,0.3872223517851877
SGC2023meafvp,0.20700126372585576,0.2936920842447751
SGC2023mfywrl,0.15838552476731352,0.08674280218278525
SGC2023mlmecb,0.09230531289404713,0.22155024181903338
SGC2023mmdzfg,0.14678109394314037,0.2223301957126096
SGC2023mpvgdo,0.1856703371125933,0.25909104678465195
SGC2023mrdmvq,0.2625625834589221,0.26181909394583475
SGC2023mrxuju,0.06599643314070185,0.30381661510165864
SGC2023murazu,0.13546748964957703,0.25932067898290156
SGC2023mvchuq,0.20499834909349865,0.32174671035048535
SGC2023mxsglw,0.4598569758177209,0.6103958162362331
SGC2023nknfaz,0.07126055506688136,0.26860845721929055
SGC2023nljykm,0.06127281020363299,0.07144862334498994
SGC2023nsnaqu,0.2048388663376887,0.2955634068055417
SGC2023ogquup,0.275758459992012,0.36028374169332195
SGC2023oooqqs,0.1932973405209689,0.30744576529731094
SGC2023oquzqc,0.17003575649603384,0.3551810915435033
SGC2023osfhcx,0.21382794784407877,0.363802472901266
SGC2023pajsbo,0.1298762567037438,0.29318584485560734
SGC2023pewlur,0.43141143943282145,0.5926733550901827
SGC2023phevtw,0.0863441811754831,0.14228209552357005
SGC2023pjccvh,0.6164184455423345,0.4973411584050978
SGC2023pjziio,0.21471116969900472,0.20400192851696702
SGC2023pmbdza,0.24243386453681182,0.3382128659161396
SGC2023povrph,0.24416145460596358,0.36811943433942507
SGC2023pszvnl,0.08755438444525061,0.11211618177324739
SGC2023pvpgco,0.1425390385994182,0.21706870624232402
SGC2023pwjeab,0.23035737864584915,0.3977069320207421
SGC2023pxexqp,0.3460313751240547,0.5860456587598201
SGC2023pxypgd,0.1165052045369686,0.05690501715922608
SGC2023pzreah,0.1963203440895005,0.2779545141866103
SGC2023pzycxu,0.26298465738708793,0.32992137007092137
SGC2023qbzxlp,0.5167489211022259,0.37632776949653884
SGC2023qduqac,0.22907146910300255,0.31550181089746787
SGC2023qezeyr,0.4371783950160909,0.4339126026431698
SGC2023qgxtzi,0.24370499337917143,0.24505954169126978
SGC2023qjidkv,0.29907410847067734,0.25298899732120655
SGC2023qkdtyo,0.21424865378582122,0.46959357780292127
SGC2023qkgwlz,0.1330706995601375,0.25525505801573306
SGC2023qkjjah,0.9285934486741858,1.045779247423147
SGC2023qknmrv,0.813345870542559,0.8310165858983066
SGC2023qlunbz,0.07239162805161807,0.34855872562465223
SGC2023qlzcry,0.18450365206095082,0.1664475577252825
SGC2023qnydcm,0.18950415859770997,0.2351751743641311
SGC2023qoiotx,0.5771820896290057,0.5820006182999622
SGC2023qposof,0.24572789374244106,0.2631243204227869
SGC2023qpxusz,0.29760375010671175,0.4663312608082586
SGC2023qqaqaj,0.18154939368595863,0.13327919890843956
SGC2023qqbkoz,0.2619960966423849,0.33909643686620133
SGC2023qqlxvw,0.24883016762078067,0.10984131282368041
SGC2023qqxpif,0.7552876444478378,1.0570790261055143
SGC2023qrpkqd,0.2730967709830616,0.2945588987543397
SGC2023qrteiy,0.8300657664597708,0.7695999925892647
SGC2023qskwsy,0.16652127127823824,0.20695880957542742
SGC2023qstwav,0.22776368241942618,0.3422367080181008
SGC2023qtcgzw,0.25703488344206155,0.3245032552642274
SGC2023qtjdxp,0.14740980143525267,0.3431234730240694
SGC2023quebrm,0.3511595011411897,0.31380060298417517
SGC2023qvlpaa,0.28491172789480007,0.3396759235223215
SGC2023qwlznn,0.85688576921209,0.8711887708129558
SGC2023qxoaid,0.10733153609156101,0.06463223988347705
SGC2023qylyeu,0.129564118667065,0.24158329594301417
SGC2023qzbzzb,0.23265886075279957,0.21153940127696616
SGC2023rbgtxe,0.6404299191916142,0.6328082139960428
SGC2023rdpyow,0.31510786981378885,0.48236979397952473
SGC2023rdxgtm,0.429529986607368,0.28921099913917125
SGC2023rhnkoq,0.43410432122709747,0.21581351202352486
SGC2023rhwust,0.2109041894049828,0.11277298941226199
SGC2023rikani,0.19279248196852528,0.3144501026625465
SGC2023rirsqn,0.1980156076065935,0.41314394229552653
SGC2023rjdynh,0.30343486320396107,0.14742052891229016
SGC2023rjriks,0.2210155118122186,0.17176219363465642
SGC2023rkahnb,0.16819145308800912,0.15826871803874448
SGC2023rkngne,0.5225587103849204,0.4628950331862878
SGC2023rkrvac,0.6077926628375436,0.5004503678875072
SGC2023rmgsfv,0.15226671243812331,0.19321730023913988
SGC2023rmvidz,0.13386060948969375,0.33414253711460135
SGC2023rogrxi,0.18317763727479364,0.32308862320167603
SGC2023rsofst,0.12071847458664493,0.23678944839617894
SGC2023rtippf,0.09663530907322031,0.1405496522377229
SGC2023ruhqdg,0.17620951797186196,0.13766244778415745
SGC2023rutjjx,1.1203178453550964,1.0133574633293188
SGC2023rvemmr,0.20069542669004323,0.41192842293493687
SGC2023rwscaf,0.2393300491586099,0.24096964719777694
SGC2023rwvfdc,0.38461606871640874,0.5650921028601527
SGC2023rxaqpz,0.3813257921962734,0.3580933855335614
SGC2023rxbbzs,0.35538482912825325,0.43987485060409015
SGC2023rxtqtw,0.06528907658481443,0.10675335603185294
SGC2023saiqgo,0.2256155643551823,0.3007177928183127
SGC2023sansnk,0.24581462112651922,0.2697545677664822
SGC2023saovgs,0.1672261712092997,0.10204718000846542
SGC2023schpto,0.16675414575011155,0.15649680218962178
SGC2023scsezk,0.11708844085904192,0.1557775835181812
SGC2023scytrc,0.2575104576968036,0.19133350406593244
SGC2023sepkgn,0.15539540324720658,0.34072613284009096
SGC2023sfemcd,0.30132499929476664,0.3146026267585255
SGC2023shkuou,0.35784173086569837,0.5079917043441499
SGC2023skcaro,0.23308952364585755,0.17594114550143902
SGC2023skebpi,0.2501369045143878,0.38730104413523325
SGC2023snmrzi,0.0473400893852204,0.4152866988749696
SGC2023soaoza,0.10141304871824976,0.19641940286930223
SGC2023spirjn,0.1397664486615627,0.21658305422391383
SGC2023spnmff,0.20028412963072215,0.39464530772851
SGC2023sqepsi,0.42724735393025554,0.47138645902524096
SGC2023ssysve,0.16167247555245,0.2479074136668251
SGC2023sthavo,0.2453603932332244,0.3179639336216392
SGC2023suywaz,0.16333049126317123,0.331969085798838
SGC2023swhscy,0.24595537275169677,0.15160674380688374
SGC2023swkeqt,0.21194998771211665,0.15373083934548382
SGC2023swolwu,0.2714093065099521,0.16000791601525508
SGC2023sxnsic,0.16679514347561042,0.36296622074580176
SGC2023sxswmu,0.2109113923603608,0.17563308339801487
SGC2023szptzp,0.07628829318805438,0.14723118115372663
SGC2023szsrce,0.23686085544524263,0.29936148760291575
SGC2023szwkdl,0.07562941097039247,0.04689993521072382
SGC2023szxtfi,0.40565134002409714,0.23753167840215803
SGC2023tagwzz,0.21149677602523131,0.32226325273324175
SGC2023tandfz,0.22776419446968957,0.42172937758122114
SGC2023tbbusu,0.10292808679219763,0.13732048789580417
SGC2023tcaicu,0.4401494401124898,0.43214578218382926
SGC2023tcibjg,0.15763289917822176,0.35305960046484525
SGC2023tdymfy,0.37623590253711575,0.535828113923288
SGC2023tebpyo,0.14221723091272645,0.3794089016723461
SGC2023teoiha,0.24509228341471959,0.4061825492055564
SGC2023terbvp,0.27521952586935833,0.18068889801960458
SGC2023tgnfwm,0.1685260517309741,0.1273085821707074
SGC2023tiqkkm,0.5401422000683949,0.5496385262528081
SGC2023tkswow,0.05481381182121616,0.22146932684929646
SGC2023tkzqox,0.1739904329488254,0.06825780865478619
SGC2023tmuazc,0.16334022531216547,0.1811240384039789
SGC2023tmuvoa,0.5537766224635109,0.6213407053369208
SGC2023tnddfv,0.24682116431394954,0.2649129546927258
SGC2023tpdrsv,0.2882064240675018,0.29133509785159
SGC2023tpymfq,0.1088194037838562,0.3042127237300434
SGC2023trdyfr,0.23604115719125443,0.23071234596119544
SGC2023trwdmz,0.5004110086948087,0.4999493995429166
SGC2023tsklaz,0.22810089380284898,0.18633059870875848
SGC2023ttuyqu,0.2783111520348455,0.15614471409992853
SGC2023tvfwju,0.2324939275776851,0.23340165823360656
SGC2023tvuaug,0.1666795870996751,0.2464906327182891
SGC2023tvxfqs,0.3374328590127543,0.37939718433558484
SGC2023twfspq,0.24686480129971006,0.20332078860102706
SGC2023twvcky,0.3432174437737869,0.05262273747501354
SGC2023txqctx,0.17788547907101115,0.2058991246909355
SGC2023tyngxs,0.21257017281250828,0.2389274244869088
SGC2023tzwetg,0.21313375614558996,0.3590252094559003
SGC2023ubfkwc,0.12198201264600732,0.1250062359176998
SGC2023ubiuao,0.3987111706231746,0.4573622155397453
SGC2023ucxnls,0.1260037563701711,0.14356444328906334
SGC2023uedali,0.17685747841440486,0.303196497337971
SGC2023ugtcot,0.21737751318148096,0.23058546804493946
SGC2023uheetn,0.2187966620110473,0.2705620561915382
SGC2023uhtfle,0.2099563673191525,0.2432814523310067
SGC2023uhyhnz,0.25353260671575517,0.2012887425890528
SGC2023ujldhq,0.24863814795796935,0.24048734768620006
SGC2023ujqvyz,0.14937761668643273,0.14572473208997327
SGC2023uksztu,0.12382277486058942,0.24032565808623665
SGC2023ulidxj,0.3273630575528899,0.4362177699860286
SGC2023ulrxxg,0.1156114701225356,0.3884671946188814
SGC2023umyhhm,0.20140346610405546,0.10389576654888563
SGC2023unmbyr,0.331766873168424,0.41217718350705057
SGC2023upqric,0.3237687029158398,0.2508985969599294
SGC2023uqqcje,0.15689360801555158,0.288516147468659
SGC2023urreja,2.912507681865411,2.706647625345263
SGC2023usnohv,0.2719264222749195,0.21365164443268445
SGC2023usrvdb,0.37652921183079224,0.21549780057838777
SGC2023uuhjpr,0.20483937751173073,0.1753363113363423
SGC2023uxzyjy,0.22943067749112986,0.07599207780113273
SGC2023uzbakx,0.09766322028076677,0.18996413086506575
SGC2023vbrooc,0.5695152136514149,0.7214452680911977
SGC2023vcepsh,0.4107050887201455,0.295807221485438
SGC2023vcvoxg,0.23061881737374162,0.31844729896678764
SGC2023vdasfg,0.14181548033158634,0.35203566034042705
SGC2023vdayrr,0.1141586258970623,0.30465744745955653
SGC2023vdeuqu,0.15426943204162244,0.35968025345118143
SGC2023vfaztq,0.16105014661026334,0.21652303715929203
SGC2023vfdfoj,0.15727632623021648,0.33949535427639266
SGC2023vfkklw,0.5337016251366147,0.6299641396542242
SGC2023vfkwwj,0.27267216578664716,0.31401201549577157
SGC2023vgondl,0.3461438934122389,0.3604798548671476
SGC2023vgridh,0.30632215057712836,0.38383724112678447
SGC2023vgxvsg,0.2126785127265691,0.23661327491031067
SGC2023vgzpgp,0.9934550761298032,1.1726466218285387
SGC2023vhbpbg,0.11851818180310589,0.2276680147284041
SGC2023vhhiqv,0.7892288902759352,0.8725082860921723
SGC2023vhqiku,0.3570205706680894,0.4075379809743816
SGC2023vjshuz,0.30847820241393226,0.3873559886841053
SGC2023vjxlfm,0.35246275384579984,0.537219614611713
SGC2023vkrrvz,0.21103217884895373,0.2786388341005247
SGC2023vkvtaf,0.19254548691073178,0.218614325066822
SGC2023vlhxbf,0.08744945832780084,0.1570579959504039
SGC2023vlxgsm,0.12452959856982986,0.19718309354656194
SGC2023vmkviq,0.3215608579690287,0.29165894965673544
SGC2023vnacts,0.14987386616768147,0.15563492259098982
SGC2023vnwxtt,0.3465728544732498,0.3554099673886187
SGC2023votnyx,0.13537684948435136,0.17218768896800093
SGC2023vqaqcz,0.19025674076828364,0.19534037218663458
SGC2023vqhrub,0.15271295106737426,0.27867670428578195
SGC2023vqxono,0.12932518703180293,0.18780881607379868
SGC2023vrvoqa,0.10039461421091726,0.28658178578100335
SGC2023vsffhg,0.12772837392519135,0.10743176192200786
SGC2023vwmrwk,0.5639380635813153,0.5142214785465957
SGC2023vxejxg,0.2114103801434748,0.2934119129504838
SGC2023vxqrtd,0.1453209384504343,0.3042598975636761
SGC2023vyxvbu,0.28511370486982585,0.1706055182620736
SGC2023vzhsng,0.2888600478854902,0.18984381626772007
SGC2023vzpirs,0.3991974827896378,0.5067510977869748
SGC2023wasogs,0.26869491781077165,0.2928378157868818
SGC2023wbejxq,0.11753600579369053,0.2742810357725117
SGC2023wcgzpz,0.42762142647245954,0.38137381795493663
SGC2023wcohyp,0.5053714557552463,0.540890434489486
SGC2023wgpmdi,0.5799888953041397,0.6844672738387667
SGC2023whkklh,0.3110999628869804,0.16412250628739877
SGC2023whmgme,0.13130603978794986,0.20461475906428916
SGC2023whonvn,0.17624444037345338,0.2874307356975236
SGC2023wjamwd,0.2199068465278832,0.30968487352962065
SGC2023wjeiiz,0.23282232054210547,0.21387362010205574
SGC2023wjipae,0.3635069713157094,0.34227608986543956
SGC2023wjpoym,0.39347062698711044,0.2149658494181355
SGC2023wjryny,0.9205581179560444,0.8343712440709365
SGC2023wkmezg,0.1392625490986568,0.2762517302080582
SGC2023wlnqql,0.2904019919114603,0.40396499796371627
SGC2023wmepbp,0.38159205311371885,0.3550379608247834
SGC2023wmgznr,0.23850990953674978,0.359784135537303
SGC2023wnnjys,0.3082393291291319,0.27796645594967306
SGC2023woxqbz,0.11916434089219693,0.29945583738901
SGC2023wpfggw,0.3018452752703631,0.23405395458268008
SGC2023wplhpd,0.12353528383280912,0.18082997006619844
SGC2023wqbphs,0.18720580733440872,0.24557737086338866
SGC2023wqbzer,0.4079840814155152,0.4361735030736166
SGC2023wtorsh,0.25952020853909313,0.33689082535014686
SGC2023wtpxqn,0.5001037655545908,0.3588865017875875
SGC2023wvkkdu,0.10602077703120755,0.23568840176810893
SGC2023wwoogk,0.05645396942225652,0.27064820952318325
SGC2023wyuzfb,0.19072814905222293,0.38947090457203004
SGC2023wyuzqp,0.703046323334121,0.802902334467805
SGC2023wzfuvb,0.19732197134540186,0.3263716909536078
SGC2023xattar,0.28599226554606183,0.2787413241604302
SGC2023xbfsyl,0.11952878856973398,0.19632635217802116
SGC2023xctbrz,0.20355598812862374,0.48551654093000823
SGC2023xednms,0.20159197217239352,0.3357808144936567
SGC2023xgguyd,0.22981715071968792,0.28297457424468864
SGC2023xgvvku,0.09659681844847144,0.2072746291959085
SGC2023xhwcud,0.08773560162315715,0.19448479898679388
SGC2023xinscn,0.13399462613254592,0.11658542706724122
SGC2023xpaosj,0.21403207083164646,0.23290308868467471
SGC2023xqgvth,0.325801066241575,0.4617892706483826
SGC2023xrbnbl,0.13766529572685046,0.3660752226782195
SGC2023xrivks,0.14398864662699082,0.24131361576906946
SGC2023xshoeu,0.1394934238845087,0.31042286370712835
SGC2023xsskml,0.18329343524264136,0.2740194772433645
SGC2023xtyryp,0.09487091707729838,0.17653876542657557
SGC2023xuport,0.197047004232998,0.25176549151651795
SGC2023xuycwv,0.13409205101513322,0.3443802259699846
SGC2023xyysmz,0.26464004477600034,0.7305354919839943
SGC2023xzawrz,0.24454217871075173,0.39471688108897524
SGC2023yanbyr,0.337301729633342,0.323278730373184
SGC2023yanegq,0.3064195127810835,0.19836456519808607
SGC2023yansbx,0.16714142567438833,0.21892050607161742
SGC2023yautpo,0.12706474761458028,0.19897097041410244
SGC2023ybxiie,0.25627341309888746,0.44522759191617267
SGC2023ycdrca,0.21457135693687274,0.1608130079712979
SGC2023ycjape,0.05816533106747229,0.3146349023388425
SGC2023ycmfdj,0.32644366506130273,0.248100517457524
SGC2023ydbemi,0.37783615687845695,0.4396822804439414
SGC2023yegipy,0.16641077526531578,0.28959760632873943
SGC2023yeitlq,0.28168765903471854,0.46728072129669174
SGC2023yglgkm,0.10180147363692552,0.156341737921986
SGC2023ygsdxh,0.47479324573103343,0.5067398438949787
SGC2023ygurrr,0.4067246345513845,0.5392272732135628
SGC2023ylhwof,0.06308234972508023,0.26572847563735225
SGC2023ylqegg,0.24776660875221404,0.25471505824047586
SGC2023ymlbqd,0.19394151388275435,0.3120354010959893
SGC2023yoohov,0.23651784769798906,0.3370202365586137
SGC2023ypkydp,0.43816955079225045,0.4646100901997342
SGC2023ypnccm,0.25339714466478347,0.4292621045790822
SGC2023yrmofd,0.1781969825862855,0.32406055659791844
SGC2023yrtdmq,0.15168674153905162,0.2858687757174115
SGC2023ysbwiu,0.21132431875594118,0.42509640721042435
SGC2023yteipo,0.2071968253749915,0.2863979408370042
SGC2023ytmklw,0.09441688869032491,0.3512099671425437
SGC2023yvmywq,0.22145139082185641,0.1794314740226847
SGC2023ywaauj,0.07380521052317084,0.3966101657684657
SGC2023ywmjbu,0.4078983346672942,0.5086307854247428
SGC2023yywexo,0.11600723193622862,0.2485641700354073
SGC2023zahumm,0.3750216930449529,0.46030584454438844
SGC2023zhxalf,0.07084409678070387,0.2834268939409988
SGC2023zicuzp,0.15006673154447378,0.28766152140816664
SGC2023zitbdd,1.2360656597468838,1.0857007453755447
SGC2023zixfjf,0.3867251522345414,0.43689893891856124
SGC2023zjakcm,0.7213403312865951,0.7281460463420293
SGC2023zkcyib,0.1409839625653955,0.27237059219348914
SGC2023znugso,0.3692398909924415,0.4280297736936221
SGC2023zouigp,1.0503786271578925,1.0980200836394605
SGC2023zovxiv,0.10449728936480959,0.21220284641193032
SGC2023zsiaqk,0.19975978408348222,0.24641071251073307
SGC2023zsjxob,0.3141635801749824,0.5129365906555675
SGC2024absgdd,0.2567900835234646,0.33007659028663466
SGC2024achgdc,0.10992208880146512,0.14406037597740462
SGC2024adieew,0.13797613827140803,0.21694881705221242
SGC2024ahysun,0.18680207397497703,0.2947162867805843
SGC2024aiehqf,0.3574014308586758,0.5199150250369902
SGC2024aihpqa,0.06892763995729267,0.14332291770134906
SGC2024ajhwbu,0.3168384065481531,0.18971241159036564
SGC2024ajvond,0.1348182918819031,0.17926700571283583
SGC2024alqnlz,0.05307863186540595,0.15834622094548956
SGC2024anpaxw,0.16699453190091124,0.2503562834036271
SGC2024anrnbh,0.33581792255141424,0.2914636066883595
SGC2024aouioa,0.23291609598742874,0.37000245362886797
SGC2024aoxrzt,0.05397589882990706,0.2224405699537418
SGC2024aoyibz,0.19529239171698123,0.30072181869484477
SGC2024apmnec,0.09904355782598105,0.15635116028311277
SGC2024aprotw,0.09839939486574524,0.20176204618716698
SGC2024aqxgtc,0.2814559335545395,0.2924080369050536
SGC2024arckwj,0.3309624593578075,0.4930307478763149
SGC2024arjmah,0.14002113033492097,0.23018116713291467
SGC2024atbeai,0.231765972175924,0.48625095472229135
SGC2024atmksv,0.29830187522452845,0.37231068397561684
SGC2024axsxdi,0.18337911273838128,0.2867803326930295
SGC2024ayeftn,0.1901248632525568,0.2964057611964639
SGC2024ayozyy,0.29169645556669715,0.5253772718836492
SGC2024ayphwr,0.9548543690780401,0.9683131477919168
SGC2024bavmtj,0.11333642319873949,0.3138658826575312
SGC2024bdxchu,0.20782165297702004,0.29692530032536946
SGC2024bejhka,0.1459655248590036,0.25321432521169623
SGC2024bgjvqm,0.22542998190615324,0.12453711930238039
SGC2024bhwovz,0.34385241719412674,0.21115286406319464
SGC2024bjfndb,0.12986701663928857,0.2844671082052563
SGC2024bjolco,0.2435703432425497,0.14045408017356548
SGC2024bkqtbf,0.37402698489161706,0.4430177351023235
SGC2024blcbyz,0.1775361434199246,0.3729439644011241
SGC2024bmoqii,0.20664688345460622,0.29839253724920906
SGC2024bopizm,0.09652477887777006,0.3304020050920827
SGC2024bqtzvi,0.14998190838026926,0.1404133262228658
SGC2024bqvqla,0.0675361618810539,0.27393097809258343
SGC2024bsnnzy,0.34143325847949335,0.40242101253826085
SGC2024bvzfdf,0.24636805206494836,0.18501396346338386
SGC2024bwufrq,0.221786899142517,0.40433880133322675
SGC2024bxralz,0.1817742399494359,0.2821756896676893
SGC2024bxylqj,0.10116590390054009,0.177007325127197
SGC2024byeriv,0.26963915373264563,0.4196664298543676
SGC2024bzspmy,0.23616377454629525,0.15427515262202476
SGC2024cchowc,0.15748158849370913,0.2543010101063701
SGC2024cflrng,0.17650864727413076,0.1588781072071053
SGC2024cgxibk,0.11965125312411544,0.121331066211998
SGC2024civevk,0.28953737217765885,0.3599708638209927
SGC2024cjxjdx,0.35060560795856893,0.30409406559425134
SGC2024cltarn,0.09801823664327211,0.2559539254702406
SGC2024cmsacf,0.23608904845423404,0.187687403184862
SGC2024cneajl,0.1809083450851133,0.36767172843542095
SGC2024copzse,0.5197907412608439,0.6887893567002394
SGC2024coqwee,0.1604485340463941,0.16214765180320495
SGC2024cqmvow,0.32928715455720303,0.2541664073611034
SGC2024cqnqon,0.1375113200351971,0.22080544081887932
SGC2024cqtvdr,0.09099338255592082,0.17460533914633702
SGC2024csjmfe,0.11029605794524112,0.20708841501480948
SGC2024cucgzy,0.15864509362941406,0.20365845637328997
SGC2024cxmvsk,0.3664920392489247,0.5610390005429426
SGC2024cxoctv,0.28572254612952735,0.28402936876973195
SGC2024dcnrlu,0.19449171895577105,0.1778028757609424
SGC2024ddhzgo,0.12068824804794491,0.21757334486795601
SGC2024dgzxxb,0.4274630236671877,0.34256536542255067
SGC2024dhccks,0.4147953103240107,0.3516398597841361
SGC2024dhfgxv,0.1724449558987886,0.17634921906366624
SGC2024djtxtd,0.46328245643950056,0.2724735499568803
SGC2024dmhmbu,0.15007044429192617,0.17662486998399396
SGC2024dmmjmh,0.2408961959569644,0.39503565364049414
SGC2024dndtlc,0.23127204937100682,0.25513585965776836
SGC2024dohimt,0.1282642597637583,0.23029357180274856
SGC2024dojoro,0.15824201032287655,0.2841124130895705
SGC2024dpefmj,0.09487881687666566,0.23805540499708272
SGC2024dqubat,0.2474891651044262,0.18672406263596314
SGC2024dvthbo,0.1252865916549395,0.28199858821860063
SGC2024edbwhk,0.11680250381741025,0.2355036759933903
SGC2024edrgjo,0.4036457858529407,0.24197120909901104
SGC2024eeisrd,0.18990920192513733,0.3756131262721385
SGC2024efjida,0.31140065692085767,0.30309669922884447
SGC2024eimoct,0.1367688829600209,0.23005848834421452
SGC2024ekhhas,0.1332531873892725,0.22952491961420304
SGC2024eklrlx,0.20322854004526267,0.36410823054462266
SGC2024eotgso,0.3914579184360483,0.37443547781861874
SGC2024epnwud,0.3371545717250601,0.41605008279275085
SGC2024euduyo,0.16875412271899276,0.16112685071260077
SGC2024eultal,0.47773418763074565,0.5264111689154477
SGC2024ewkuvo,0.8891811820578331,1.004729267897503
SGC2024exegqt,0.29795427591431023,0.3674011283797847
SGC2024famzvj,0.39302517848640517,0.4281305015428061
SGC2024femwyf,0.17806270458789888,0.27093766231394933
SGC2024fjnanq,0.2305466310858617,0.28383250236059354
SGC2024fkcjjw,0.11352912121588776,0.26359528292740275
SGC2024ftvrct,0.23288598293389456,0.3549842164423765
SGC2024fuayjs,0.29048788237503315,0.20838918607206253
SGC2024fuszyh,0.07983468724524433,0.21373135378872804
SGC2024gcqyzr,0.6121908555273199,0.6659076897716928
SGC2024ggcmbp,0.19385388900849002,0.2675528807075386
SGC2024ggmgzc,0.5548353317053698,0.6239702999436585
SGC2024gkucty,0.32904058981209017,0.3868426786984078
SGC2024gnxfpx,0.5260549455717809,0.7288147347764163
SGC2024gzcmlv,0.18538946199778358,0.28633581947923553
SGC2024gzlvjf,1.0070690708765255,0.9872441467211341
SGC2024hcbsbp,0.0835252217376725,0.2246068563320446
SGC2024heikcj,0.12937752712902012,0.27696064146791516
SGC2024hozais,0.10905225282620001,0.3094141910210605
SGC2024hsfwji,0.1968634004178736,0.3304049747285897
SGC2024jeofsz,0.22836646310509584,0.305279199496383
SGC2024jfamll,0.3525507162761234,0.3701345815975192
SGC2024lesbvb,0.29443430736357945,0.3691473468392973
SGC2024lollko,0.20414694239221323,0.2946735929016621
SGC2024lseohb,0.23856803538054566,0.3863992958261742
SGC2024ltrkkx,0.17810110426475895,0.14654099234184137
SGC2024luhizq,0.1462246933447177,0.26192906715443015
SGC2024luiqmu,0.20584448789320858,0.32213461531073306
SGC2024lukzbu,0.12486356552612919,0.33113361351447296
SGC2024luloqi,0.10482638712781797,0.22227327556869939
SGC2024lvjfcm,1.0718430957017901,0.9739356729621332
SGC2024lwkqpj,0.18797186152760725,0.3142898424197866
SGC2024lxdaom,0.22435430697468714,0.15547062662582356
SGC2024lxfeyo,0.2833919935980695,0.389772907407295
SGC2024lxffca,0.18887663570177501,0.14628095075755299
SGC2024lyrntx,0.4026654338698595,0.4463681847392211
SGC2024lywexf,0.3414133361257953,0.3898346619905457
SGC2024lyzezo,0.8047050147416316,0.968974243539578
SGC2024mbexru,0.22191749151087597,0.13202600790860924
SGC2024mcmdfd,0.6404552286631013,0.7580559518846969
SGC2024mewtvs,0.13717279323293302,0.12145299807721667
SGC2024mfnofz,0.12203327016429368,0.4124982799191195
SGC2024mfygjk,0.1766004735739955,0.2659248003122198
SGC2024mgluio,0.8761307881301162,0.7515065534236468
SGC2024mgtlor,0.30317769320338117,0.3471483679412816
SGC2024mguvkv,0.2680814649601265,0.4217223087902865
SGC2024midfoc,0.22309677800911076,0.42387832724711966
SGC2024mkfkwp,0.28122530911777643,0.39416830863361557
SGC2024mlcbrc,0.13408086723579613,0.06974460279414281
SGC2024mleidw,1.079587281713129,1.2097011300370402
SGC2024mllejc,0.1889667560710726,0.2594858538780131
SGC2024mmdrrv,0.43958950128047364,0.266386259748114
SGC2024mnnblp,0.1209570472343859,0.21045763589015407
SGC2024mnouax,0.3659847950508148,0.33973777985493575
SGC2024mnzuuv,0.20923630497054177,0.2782113789446491
SGC2024mqmxcs,0.3564096849757025,0.33335202915792117
SGC2024mqpgcr,0.06283919191123138,0.2456848128423087
SGC2024mqzcqv,0.3588354308892889,0.3249103448642612
SGC2024mrgunl,0.3160971476744892,0.31523551988692006
SGC2024mrqrld,0.08072541047667854,0.27468223735483216
SGC2024mtanpe,0.2091624318224766,0.2396694929012648
SGC2024mtjvnf,0.3946611025863277,0.46003634733404875
SGC2024mvdzuw,0.15308413558476625,0.3126904571957733
SGC2024mvklww,0.26752498290425525,0.21209202908348126
SGC2024mwivws,0.13254031202608163,0.16205916316913938
SGC2024mwzekh,0.12241105079440036,0.23058020512784055
SGC2024mxgpvq,0.18714628537427558,0.2225960180229203
SGC2024mxvzwt,0.18065958899793758,0.14297031984929995
SGC2024myhhjm,0.20917211996724344,0.13685374568307693
SGC2024myplje,0.2387137317859762,0.261148152746693
SGC2024mzadna,0.18657527166662627,0.21312092633372698
SGC2024ncfxus,0.5501601588361948,0.4321496633063751
SGC2024ncgdah,0.1982815798668188,0.27093028724809165
SGC2024ncmexx,0.20588807060827527,0.1963278129322504
SGC2024nctwxg,0.36013604625872636,0.3964225389948871
SGC2024ncwmlq,6.34886057250622,6.441471244411331
SGC2024ndoodz,0.13217443637912804,0.23270620092376643
SGC2024netekv,0.13003814848045772,0.35691849028267053
SGC2024nfehvt,0.15122698931488068,0.2742239483702326
SGC2024nfugmp,0.5350473560112676,0.36623580940831985
SGC2024nhdefp,0.2270672179929498,0.25500327615133445
SGC2024nhixcm,0.26471032549473394,0.3887056079107915
SGC2024nikoap,0.09191701432130933,0.2854174909567786
SGC2024njjjay,0.42506076764729445,0.2658324246921157
SGC2024nkzagi,0.3467572833816198,0.28361618102168284
SGC2024nnqpmk,1.3992329874313625,1.4587149275669447
SGC2024noirjg,0.24465142158744488,0.45119092832028546
SGC2024nomyjk,0.28213793948845634,0.15650933685485027
SGC2024nqjusy,0.1346669696682046,0.38196123111184566
SGC2024nsvmlp,0.16539881973503054,0.1459427436699796
SGC2024ntcoru,0.12249318237321719,0.16199989133633408
SGC2024ntrnpl,0.9132941837149486,0.9030632161368288
SGC2024nturob,0.22189086595792135,0.1673702727818493
SGC2024nvpkvy,0.14504640139504132,0.24072027104964241
SGC2024nxbcqc,0.26448665119498493,0.20024520546955385
SGC2024nxcose,0.3234128691267799,0.34602185081087344
SGC2024nydvvv,0.1993482078927593,0.23851584585544292
SGC2024nyeoed,0.32599017225704563,0.3311246299132727
SGC2024nyveya,0.28894020561501815,0.22083629835169832
SGC2024oaayne,0.11831149051240564,0.3093282602995345
SGC2024obimnv,0.08312792267536996,0.299798234171653
SGC2024obkbmm,0.19391393550502606,0.339648091238795
SGC2024ocscwt,0.283537761164095,0.29254808988291353
SGC2024oebzla,0.4601280264490532,0.45516274095920023
SGC2024oggjcr,0.37833074040189413,0.38706389102310623
SGC2024oghqkk,0.3045574070034074,0.3290053102274627
SGC2024ogkpvz,0.38659236842863437,0.2473777983757765
SGC2024ohklwj,0.19330153634629707,0.2343251867821045
SGC2024oiqinc,0.17876029672365232,0.24986757079866742
SGC2024oiwrfy,0.24257856768603095,0.273217687942817
SGC2024ojqeoc,0.1726984156395054,0.20890360687174464
SGC2024olfafs,0.30809644563023264,0.3203211053146803
SGC2024omvbup,0.18363888391379993,0.29945701146743753
SGC2024onitvr,0.30750828154588966,0.2481683909202243
SGC2024ooeunc,0.21770794038734678,0.3177465059325924
SGC2024oosjpv,0.3938310211752112,0.40364945594687546
SGC2024oqcasq,0.1314783756768486,0.23185393624822154
SGC2024oqpupy,0.3422159674749272,0.32794137205104984
SGC2024oubwyh,0.4131384719876745,0.335178013121474
SGC2024oukqvq,0.12681762868391083,0.3145119674088196
SGC2024ouygma,0.2532418995980055,0.31171392175750173
SGC2024ovqjjy,1.114912009984994,1.2906651544915997
SGC2024ovrama,0.15854155521095945,0.3206931107748589
SGC2024ovrchs,0.32605667284082185,0.5346330444222748
SGC2024ovuokf,0.2144358128341048,0.35402868891875006
SGC2024oxinjn,0.2055741401366657,0.1306633056275824
SGC2024oxmuwa,0.6583721051525558,0.6486693358513345
SGC2024oxujcg,0.24414319779676497,0.3353578264903439
SGC2024oyksqs,0.127892945355439,0.31668121734855276
SGC2024panatr,0.7114620390985857,0.6287600314700867
SGC2024pbabav,0.11985871975887995,0.13661348692802286
SGC2024pcxyvv,0.22834889642792452,0.24654223125699598
SGC2024pegsan,0.11251669551657538,0.23164916751676057
SGC2024pfjkou,0.1664770604345336,0.33896485255432707
SGC2024pgkyat,0.14714104720822332,0.46662676896842253
SGC2024pgvrth,0.12156857063624939,0.21094958996945848
SGC2024pgyuhb,0.3341560746294591,0.3210214669030296
SGC2024pgztmu,0.09173223126443468,0.19199788737139978
SGC2024phfupq,0.2079331581734006,0.15225339595635712
SGC2024phseip,0.6038667480351959,0.43577505634441177
SGC2024phwfje,0.24621738586404265,0.21911006407617656
SGC2024phxrsy,0.18864208217172557,0.15910393485383845
SGC2024pidmvi,0.17847432845210504,0.27605802177389804
SGC2024pieobl,0.16787418574515964,0.2691179012148371
SGC2024piybhq,0.4418984611366862,0.5133833848554505
SGC2024pizdol,0.1818460710726231,0.16323782205925283
SGC2024pizqzk,0.2413726987184832,0.2659675823355432
SGC2024pjcwqe,0.1426830234884727,0.1365566680470209
SGC2024pjqgsv,0.2068415288805315,0.24191120922875556
SGC2024pkfxmx,0.17581883932368927,0.26406213274231916
SGC2024pkoioz,0.3642796611113916,0.18374774446550365
SGC2024pkqolm,0.12479665408341195,0.38299892675086095
SGC2024pksixs,0.2664932262373394,0.15792277644623592
SGC2024pksmhq,0.20097422792658967,0.37680757289620087
SGC2024pkwdaf,0.31424321522276927,0.23710323637816655
SGC2024plfokg,0.1904563239393688,0.19953771829896594
SGC2024plglxp,0.22108305768624828,0.19637059908925086
SGC2024plqdlm,0.3709741417031905,0.3608979304592351
SGC2024pmfofh,0.28396395715232275,0.3003394410461947
SGC2024pmsaxp,0.1306738922967363,0.24479304348537684
SGC2024pmzezb,0.07121596841777063,0.12723188563400753
SGC2024poryip,0.3299444090738551,0.2917076922428669
SGC2024pprutt,0.2503362901406318,0.09417801344892597
SGC2024ppwbmn,0.17426002356758516,0.11289462829832464
SGC2024pqcywf,0.3345779432944718,0.3764145913130292
SGC2024pqdlkq,0.23371870973242062,0.18180120251403814
SGC2024pskfsi,0.22150390077869409,0.19102559055214455
SGC2024ptzeen,0.25662409020402244,0.32137632195195803
SGC2024puggkj,0.2512453563777898,0.42589616812775405
SGC2024puhvvk,0.47998670940856175,0.43654141322192674
SGC2024putmth,0.31325642077757393,0.23025487711077539
SGC2024pvdxju,1.4941729677839073,1.3046837503970055
SGC2024pvhbhx,0.3007123310864297,0.09660153690919439
SGC2024pxcemr,0.3389024497298928,0.27315165072570324
SGC2024pxdtbx,0.15105643972327884,0.17059247815681997
SGC2024pxjgkb,0.14549002327271546,0.3150686278777771
SGC2024pxqpej,0.2654524335090823,0.28489741465045376
SGC2024pxruxe,0.232439497558892,0.35318643846103753
SGC2024pyionv,0.20955864389650533,0.21679403554559026
SGC2024pzitdm,0.3746012193247912,0.3250094850430669
SGC2024qaujzc,0.35760293518041125,0.20770881602244057
SGC2024qbvncn,0.08911502135221405,0.2695412887341382
SGC2024qcdxyn,0.21047970175018954,0.21619359496989307
SGC2024qfalvf,0.11944808666504297,0.39849668759101065
SGC2024qflkpy,0.2776275613852756,0.29818337551055835
SGC2024qgnium,0.2717007491378862,0.17196999416367506
SGC2024qhoagm,0.1326067533007984,0.20148991909791358
SGC2024qikwmd,0.34708692403826585,0.3347155790496478
SGC2024qiupwg,0.2730274521485397,0.22911265347901694
SGC2024qjhwqb,0.3243366237874851,0.32483468639332364
SGC2024qkgdbo,0.9272762772469573,0.8789555182365304
SGC2024qkmnda,0.7120108887266817,0.6166867523720982
SGC2024qkthlj,0.24779923837161602,0.39137444664177395
SGC2024qmdjvq,0.1809947447998844,0.1541708864055841
SGC2024qpntnq,0.27583859617289536,0.19018419377732323
SGC2024qqukom,0.16138298820677346,0.2565774250025677
SGC2024qqzpie,0.09552549013028022,0.20177914554141918
SGC2024qrnhfe,0.15597117410125905,0.30840253271716994
SGC2024qrskqm,0.24442178711237886,0.24829392135335596
SGC2024qsxnvu,1.6452410150794055,1.7717852975305877
SGC2024qtimfm,0.20658608330525244,0.2035258411230257
SGC2024quiefy,0.5337250542088049,0.6065016029396193
SGC2024qurdyi,0.5924738016183576,0.5445508350452414
SGC2024qutdor,0.4720534747533394,0.3786854527929132
SGC2024quubcs,0.1284993130441142,0.29021971157028126
SGC2024quyqgs,0.37653662540195537,0.4611401508461537
SGC2024qvfmks,2.205142984883952,2.2765602499474293
SGC2024qvmeri,0.2604109366662111,0.2647285857947662
SGC2024qvolnq,0.20360435100575733,0.20964471804279905
SGC2024qwpmud,0.4124526671703157,0.5691249055032123
SGC2024qxdncw,0.5497064808557346,0.5539635507296705
SGC2024qxkgzw,0.6988163643627892,0.5820144533776214
SGC2024qypuec,0.2985715769970629,0.2738005171736379
SGC2024qzedus,0.18067523311407438,0.19050899646123837
SGC2024qznunr,0.19432982258410186,0.23299520947323155
SGC2024qzsggs,0.4800587103701055,0.3196983840351802
SGC2024rawuwk,0.8096581519676079,0.6946415221403556
SGC2024raxrkz,0.58578834572408,0.4794585731514398
SGC2024rdrkno,0.2830067347182914,0.3328776325325027
SGC2024redjqo,0.20032368221476424,0.23540020732521752
SGC2024revtlx,0.11312963279267138,0.1657498381719894
SGC2024rewtll,0.13227799097655113,0.2512494400579726
SGC2024rfvgik,0.1601143758767347,0.300689309702635
SGC2024rglxil,0.8476935427599457,0.7601073177976373
SGC2024rgurdj,0.3036282049846411,0.3899990846503727
SGC2024rholox,0.07445410230461247,0.11307650156101813
SGC2024rifnbq,0.21731713269872074,0.280735940702175
SGC2024rilsnh,0.39085991432180694,0.46916571822602016
SGC2024rjeiks,0.3251512673516416,0.2157603423795112
SGC2024rkleub,0.24779744391160038,0.08648507687926163
SGC2024rkqddj,0.4816843998191557,0.34912086336399006
SGC2024rkrrqk,0.4272350919042763,0.36698630946362104
SGC2024rlxyrh,0.17917246142536947,0.12668772798531222
SGC2024rmkevn,0.9180200357553676,0.8753993293397122
SGC2024rmmmjj,0.2236701995295838,0.1616589917479674
SGC2024rnjntu,0.4901115022239808,0.3637389117564934
SGC2024ropptj,0.29975386311438473,0.31683608333082625
SGC2024rpekmy,0.3905516120239852,0.41560212583195644
SGC2024rpnpmn,0.24999363884411033,0.2310002786018301
SGC2024rpoqmw,0.19545083766144458,0.42085661345085285
SGC2024rpsupc,0.2619560403846379,0.2292690870341016
SGC2024rpwdfi,0.09123636971453235,0.23932256412421046
SGC2024rqkugu,0.11098409397669008,0.17445355465086756
SGC2024rqrhyu,0.1324950474092372,0.36327317583715185
SGC2024rqtzog,1.7286155936179934,1.6300124293978882
SGC2024rrawrx,0.280725940109382,0.3883340811113521
SGC2024rridzr,0.19704883024376788,0.17627959482143946
SGC2024rrtwyn,0.1678305589103974,0.21987207392307861
SGC2024rsdawg,0.9571886285672507,0.896780596043509
SGC2024rsktec,0.28225820633833426,0.23303513862268038
SGC2024rvaceu,0.19515990504639322,0.20829696617527896
SGC2024rwlcgo,0.3544716224851518,0.5358551770409166
SGC2024rwynex,0.7729670513308619,0.6021110713876449
SGC2024rwzura,0.34266467334347145,0.3121364840816698
SGC2024rxazzy,0.4993753453888073,0.31782495478651424
SGC2024ryjmlx,0.42932575530851513,0.3296229128256051
SGC2024rzjwkh,2.3916806643988564,2.2029274603250633
SGC2024rzmjvd,0.12306837302000671,0.20395093082000568
SGC2024rzrbor,0.21680973166205333,0.20560388466957502
SGC2024sbcoot,0.7254101590610793,0.5978731853415528
SGC2024sesgmg,0.174717953356834,0.30647648515139614
SGC2024sfxbmu,0.09406691517056547,0.36228332782143374
SGC2024sgamdq,0.18830562063469286,0.1042724602788821
SGC2024sgviir,0.14572818798828624,0.19919164224318875
SGC2024sgzwpa,0.1449352891988905,0.19976494434817677
SGC2024shnxoa,0.8882172828564215,0.9808720653975269
SGC2024shqvfe,0.2555244551253291,0.33954506930236816
SGC2024shrxer,0.22341810059695333,0.24484483548967206
SGC2024sixylg,0.3162255137012825,0.3904068743105847
SGC2024sjxpzc,0.2036454104035534,0.17483073207700528
SGC2024sjxzdg,0.20880510537700853,0.2827292551318109
SGC2024skxrgi,0.30319716108713685,0.2768110556434219
SGC2024slcvvx,0.20404862097578416,0.470639311272276
SGC2024smaqtd,0.4482845585407243,0.4488239782481764
SGC2024smzpoe,0.5157244550631371,0.32597292251316345
SGC2024sogsrf,0.30336692475658666,0.5304154702315996
SGC2024spzvkb,0.742193500041705,0.6560082994140205
SGC2024sscjmz,0.13485938734898362,0.36054434114737327
SGC2024ssgenl,0.22409543042511615,0.3297427739026457
SGC2024sthslh,0.22009278038281588,0.2539976624772905
SGC2024swgung,0.9829491874406442,1.0872220275697357
SGC2024swsrao,1.0715577711302084,0.9755474160060861
SGC2024swunur,0.8391765626218958,0.8371514123637597
SGC2024swywon,0.3931371624325995,0.23224014412210878
SGC2024syefqh,0.25128966630608895,0.31683061147614455
SGC2024sywgrj,0.6562682570852787,0.6662373583858044
SGC2024syxjll,0.3117854006182371,0.40538254511504623
SGC2024szlfcx,1.2587435307441377,1.0339119081498562
SGC2024tbsvxc,0.16456810228210855,0.22974033836870264
SGC2024tcetdl,0.21155191363367165,0.28489145168464175
SGC2024tcjfvv,0.0706116478313828,0.25945890319730874
SGC2024tcjkzg,0.29179860617447123,0.2972174233607311
SGC2024tckibo,1.3929243371766982,1.3062078432937079
SGC2024tdicgw,0.3278516965400129,0.21842271592639456
SGC2024tfgfzn,0.47170061000025704,0.4492733996336555
SGC2024tgwgua,0.5776963534534099,0.4656792657035644
SGC2024thkzbo,0.14946807362880798,0.3718658289198688
SGC2024thrllj,0.32167211520208877,0.19150609775953542
SGC2024thrrxq,0.25965690120430096,0.24900682903257634
SGC2024tlbanx,0.18636810833103615,0.4162524080858361
SGC2024tlkoar,2.3284666093378155,2.2276556047009035
SGC2024tntwnm,0.7643201335005096,0.6331897887011031
SGC2024tprxcz,0.1391943082020128,0.21997313308770666
SGC2024trcqyk,0.16911610398602453,0.349413193400306
SGC2024tsordo,0.21581971785494797,0.13997104041680514
SGC2024ttfxap,0.4446637737020572,0.4473718649835272
SGC2024tulesh,0.5906621104842762,0.6050925516846034
SGC2024turxke,0.2710253503845349,0.3844259092158722
SGC2024tuzory,0.22852747917620694,0.4572780268428284
SGC2024tvrton,0.17011098093104368,0.22682815972290182
SGC2024tvwcgn,0.20122467989441745,0.15631925058614415
SGC2024twnndl,0.364559317917523,0.4270367848327138
SGC2024txdsmm,0.162811002062168,0.3460901467348649
SGC2024txdwii,0.220980583727827,0.28742905914486183
SGC2024tyezbf,0.3404324515624021,0.24291763363136742
SGC2024tyfezk,0.2940678957677513,0.3999271171911441
SGC2024uaublh,0.5832663953523992,0.44183659023970345
SGC2024ubfhjk,0.46152479895524745,0.5085863022845579
SGC2024udzxmk,0.29140656817120236,0.2566734254321314
SGC2024ufcjzl,0.36213197504679107,0.47665027117943864
SGC2024ugjhqz,0.28566487398967816,0.22327738509346684
SGC2024ugzrtx,0.687553734912785,0.6788343319191393
SGC2024ujinjt,0.06861371880466674,0.23130047785414506
SGC2024ujtsey,0.13164393188063864,0.13193976669710683
SGC2024ujupvr,0.5878175023542767,0.5146830755524092
SGC2024uktzim,0.3598809508374804,0.4317886881231924
SGC2024uneati,0.34624567421359026,0.34170324352058445
SGC2024uqedjr,0.15959810001653998,0.13976557311382043
SGC2024utycra,0.26135612421808646,0.23832442503629778
SGC2024uukagu,0.07259041291912947,0.17440056847831695
SGC2024uurzyz,3.9315508832245705,3.7081643267960835
SGC2024uvabea,0.179146731744129,0.1362398505021758
SGC2024uwsyfi,0.27694976194394844,0.24082121818164556
SGC2024uwvdbv,0.3281260371397445,0.1446379125516719
SGC2024uxdyqy,1.003700484309713,1.0830158981470732
SGC2024uxiqye,0.16285586029413354,0.315606804664215
SGC2024uxsdoa,0.166615805498499,0.37998550205526926
SGC2024uxwrjh,0.13255095647775048,0.18262775832381442
SGC2024uypmcs,0.1043879097802072,0.3396526733955481
SGC2024vbarlt,0.5403342470032371,0.6159541865048878
SGC2024vbnxfq,0.2992877026546462,0.2812525317017125
SGC2024vegrky,0.1849274542603072,0.15435280363027035
SGC2024vfdsrm,0.0685204181456117,0.12048543294789647
SGC2024vfxyxk,0.10381794822428318,0.18456648366857512
SGC2024vhhcvb,0.16065389808429403,0.28382270026280626
SGC2024vjmsdf,0.2918969429692991,0.27772377485271527
SGC2024vkfmqs,0.2004452311474554,0.2900739309201893
SGC2024vkuqeh,0.19409885087172146,0.10876069297555072
SGC2024vlbgjo,0.34411405646033805,0.245435238133372
SGC2024vljyjt,0.23404982607102387,0.21535123454879257
SGC2024vsdtti,0.18275424494605377,0.2137609027640056
SGC2024vsiyoi,0.14254201926116888,0.17018416132819644
SGC2024vszooa,0.3227222922607133,0.44492996913143473
SGC2024vtxzqp,0.13489901612887326,0.30113570945788604
SGC2024vugkde,0.2011996310339771,0.45076365399133483
SGC2024vujztw,0.7850954159406757,0.8392347401822757
SGC2024vvhyii,0.15560022758081765,0.2941928570883272
SGC2024vvscse,0.1487894488836359,0.162735485441956
SGC2024vxpsvt,0.10776773266203794,0.1488105900583273
SGC2024vyayoy,0.09392521103196502,0.29067892554808095
SGC2024waylya,0.33533507969120896,0.5481762554546822
SGC2024wbmdje,0.2922635016642277,0.3994674526938638
SGC2024wgqvro,0.2757640661710014,0.4506959783453577
SGC2024wjpela,0.10522772205295401,0.2594714411811763
SGC2024wkgcft,0.09197502510318188,0.2481808922569383
SGC2024wlewyo,0.10641921435706116,0.14279983023454368
SGC2024wplmyp,0.22610247700916147,0.39058642964934737
SGC2024wpxrcy,0.14829874931416068,0.24795129955393322
SGC2024wqoomj,0.0899461337017994,0.21533360938832677
SGC2024wrxjva,0.11755516929812214,0.24033431081589904
SGC2024wtvgin,0.17368885423038455,0.2716464072116748
SGC2024wucnsp,0.08580723549611737,0.13949378622194353
SGC2024wvjlpn,0.3574111849732345,0.3254777160279859
SGC2024wybguj,0.29202445232039576,0.47530984521186986
SGC2024zfvetb,0.14178794257178903,0.3654693639666199
SGC2024ziqmow,0.12761010801151557,0.18834457296019136
SGC2024zjklpi,0.18383717855286932,0.37973989152077964
SGC2024zkifjr,0.2092162009879605,0.2756804012764827
SGC2024zkuynn,0.12911462908049817,0.25854442163378716
SGC2024zkvcaa,0.24250550917166222,0.44973736345078336
SGC2024zpdhgj,0.20192192232093514,0.3429984250573662
SGC2024zpewzk,0.128577624806372,0.3083368554646021
SGC2024zrsadt,0.23858200446755784,0.4401654679043677
SGC2025adgawm,0.08469989137749741,0.2267233663871606
SGC2025aiizob,0.21305312313322905,0.33516926874361286
SGC2025akxmbd,0.12899214935136633,0.2251294441799077
SGC2025amxoga,0.21423091356114582,0.25991659696533514
SGC2025anadio,0.17700177004225368,0.20601472168219975
SGC2025aqrqvd,0.2006899800183853,0.20476747097161568
SGC2025axuhln,0.07792048517494762,0.2530125490710908
SGC2025aylsfb,0.333079016436385,0.41609325959546356
SGC2025aynchv,0.2233087429704286,0.10794059074511507
SGC2025aysmtj,0.2908486396616222,0.3347025898007302
SGC2025baxbsw,0.1385699123264852,0.21774161254000887
SGC2025bbjrpd,0.08208204295454988,0.2155187758689537
SGC2025bdryza,0.29404092199643544,0.44517814215011137
SGC2025bjlriy,0.11594042658813315,0.32034812857440587
SGC2025bnzfqm,0.24951907501208112,0.060982393234569575
SGC2025brdkrq,0.2050155660424056,0.26836659997412543
SGC2025bsqmdh,0.5768451153502441,0.6081355714727665
SGC2025bswdyq,0.5053461445718918,0.5361759950139172
SGC2025bupxjw,0.22588407697030435,0.25956231642119615
SGC2025buvszq,0.37035025235943486,0.4924714839635617
SGC2025bvaifb,0.21911250587422276,0.2018135120455414
SGC2025bvkeds,0.25881179957576206,0.3631588084557021
SGC2025ccgbfy,0.11483973809073698,0.1565698212956039
SGC2025cjjmvs,0.4751770218253688,0.5168399587102311
SGC2025cjxgod,0.3730404511800702,0.4778607116907043
SGC2025cnttuw,0.09791111551496537,0.20171713181242076
SGC2025comldh,0.4755177941161955,0.5487812552020471
SGC2025cpfhir,0.3010965162908244,0.26505670393468445
SGC2025cphhdg,0.22368879947431886,0.2632859174174936
SGC2025cqrwap,0.11284095825235078,0.36475752465758116
SGC2025crtmei,0.18991765480309555,0.2818323225812818
SGC2025ctiexz,0.07833283880179995,0.2886284903295735
SGC2025cuemts,0.06828946636415635,0.15521655326611575
SGC2025cxmmkz,0.14724851169698217,0.3356827569957675
SGC2025cxxqud,0.25118661401055614,0.14472229947822074
SGC2025cytqmz,0.2668162275754524,0.41840046305375017
SGC2025czxsgi,0.26504134341196506,0.4324281602240669
SGC2025dcmmkd,0.10468442140639989,0.2629985621230165
SGC2025ddylmg,0.1713702393850185,0.28958312038693945
SGC2025dfwezb,0.2152675574384734,0.23144741358603943
SGC2025dhugvg,0.35805251709120334,0.3963768480246863
SGC2025dilurn,0.2903030236649663,0.34168585868419904
SGC2025dlrwqj,0.37292173226094055,0.5520187999954023
SGC2025dopagx,0.23559875278735,0.47296214665751973
SGC2025dpitar,0.15970374524426184,0.33061856698169917
SGC2025dpoogf,0.3316563569677918,0.49012902226814764
SGC2025dvpibe,0.1398045093533747,0.2851480778660167
SGC2025dzhwkq,0.3865556030574214,0.3788641965750852
SGC2025dzvpvi,0.3495450694428579,0.419153694921724
SGC2025eabgqe,0.40983529390868406,0.31105698078395827
SGC2025eanhua,0.07378801121014088,0.1171877439821906
SGC2025ecjjfr,0.14976189342547985,0.33018026485098245
SGC2025eejerd,0.18158831592706165,0.4330122993817193
SGC2025efighn,0.06672229984186942,0.15121802344135646
SGC2025egoysx,0.19105980949558865,0.4548767314827471
SGC2025eixyhf,0.27795614909515876,0.3294442755450876
SGC2025emewkq,0.12669454653465073,0.3316870735965643
SGC2025eqcvse,0.17354832605350742,0.2522091728282505
SGC2025eyrfhq,0.16934163859430595,0.26400399809409214
SGC2025fcwmse,0.3307134253170081,0.4128176470381499
SGC2025fesffs,0.12801289823465278,0.3599349091885106
SGC2025flalzb,0.14850060346500676,0.336620449354871
SGC2025foqebq,0.13485616506601725,0.2528650729646858
SGC2025frnqwh,0.3476881342721776,0.4683933778208874
SGC2025fsdofm,0.7781622091007293,0.6459772481035848
SGC2025ftidkq,0.4012131566560044,0.441673804244722
SGC2025ftlehs,0.34755502664708965,0.31619478776904364
SGC2025ftxwmj,0.1644910245429669,0.3236349237459482
SGC2025ftzfjz,0.20734939477596664,0.29358211951629304
SGC2025fvvpzd,0.22385895446951207,0.2937886798334465
SGC2025fxnifg,0.14340704600224446,0.331002191175588
SGC2025fylmjq,0.2953559769712969,0.44782998301587423
SGC2025iejkmx,0.15177866923869915,0.21798477364286176
SGC2025igqzgy,0.1329563272593364,0.24176185360885755
SGC2025ilwtww,0.14301358223766517,0.4067905178799163
SGC2025impxxu,0.2649826248912409,0.32643702322990675
SGC2025incasy,0.18867988220227477,0.36189978522607763
SGC2025ippxpm,0.21366985161080224,0.3393574951899478
SGC2025iqacpi,0.18976789993156556,0.3579655489206852
SGC2025iurfdl,0.3747060087406818,0.3551683816224637
SGC2025ivwhou,0.5241306944827216,0.5338638241908071
SGC2025iwejce,0.0956522629126398,0.3260627236099758
SGC2025jbwyuu,0.3477295152827876,0.43684490664144077
SGC2025jflrnd,0.17607646805003999,0.4290802661684399
SGC2025jkbkfm,0.6314290195298952,0.726460923923168
SGC2025jmnrbw,1.1901918959317908,1.1231404070238593
SGC2025jnpzkk,0.2752919742365441,0.24924355279692234
SGC2025jqeaam,0.3007750336724796,0.4850253436086448
SGC2025jqxanf,0.11276115779463904,0.0977451744474838
SGC2025jvwgfu,0.27488974155322876,0.4379054731344405
SGC2025jzscqm,0.17166730476032002,0.1489269838477423
SGC2025kbifxx,0.28337028625887306,0.12049141475685222
SGC2025kdgrwm,0.28604489412478185,0.18785162240055286
SGC2025keziwb,0.37438714082133134,0.48199811542451154
SGC2025kfipmf,0.197111272513327,0.27321907677832374
SGC2025kfkqev,0.24332735546431472,0.2028788669610828
SGC2025kgeyrg,0.29434854701956464,0.12707061596824348
SGC2025kgnubz,0.35043416466395916,0.5050645587269739
SGC2025khnfpp,0.21919003353465927,0.1467440755724374
SGC2025kizykm,0.0751016390830274,0.18791559169261615
SGC2025kkydqe,0.09650280657559825,0.2427699154587001
SGC2025klvvwm,0.34434667994479534,0.2701919826327582
SGC2025klwtzr,0.3105978096917226,0.2794340311898873
SGC2025klzvyk,0.43397302053074865,0.36060432797780073
SGC2025kmddau,0.39480120144682884,0.29810968388046843
SGC2025kmnemm,0.5475595379909557,0.3567794840861132
SGC2025knazku,0.6463754820860115,0.7413195613326198
SGC2025kofvqo,0.19266582997969497,0.1889554619819796
SGC2025ksddmz,0.3864945570416018,0.3786175774417626
SGC2025kskxla,0.18208061259767716,0.24126572051177975
SGC2025ktlhpe,0.07571264079430343,0.13871055443330008
SGC2025kuvcpi,0.13614754898766443,0.37758613012364445
SGC2025kuyfzb,0.19352390531769859,0.3696653204958503
SGC2025kwxjex,0.2010996076527129,0.1996698950487671
SGC2025kzjxsz,0.28449368639130646,0.2756588835592716
SGC2025kzkeby,0.37968677655742517,0.600631117724509
SGC2025laibnf,0.2106069850766076,0.16374627678831571
SGC2025lcnjpq,0.33582872178984147,0.2881125987813264
SGC2025ldcnfw,0.12778306908881243,0.2882516173779314
SGC2025lepnch,0.06752897367023464,0.12872887743541853
SGC2025llukbo,0.10613048332294767,0.10792373943580706
SGC2025lmcmki,0.18182677011035872,0.2743707352494799
SGC2025lrfmwd,0.16083476229538368,0.14637090345243564
SGC2025lsvxjb,0.25759855009671434,0.3653866926918925
SGC2025ltcser,0.275064885162223,0.2044950347056801
SGC2025lufkce,0.16820281589000186,0.2114169980516379
SGC2025lzgncn,0.2734784933778669,0.10193162236589853
SGC2025mepgel,0.2820384818416576,0.3144097360328487
SGC2025mfgqic,0.7732802889124252,0.7865413049643861
SGC2025mgnpzu,0.7331007255109923,0.8291723411278419
SGC2025mhawpx,0.2347998167637805,0.2148341551645708
SGC2025mhxpsd,0.21630830303640763,0.23625857493505115
SGC2025mjrgzd,0.22015365379557567,0.3872102389311859
SGC2025mkmmmj,0.4083698179510323,0.38990921105530624
SGC2025mlqqyv,0.09866721474949029,0.23340544716667394
SGC2025mmgeyr,0.19996596932926716,0.16547008805605218
SGC2025mrwnel,0.10316477783463371,0.21371381289741478
SGC2025mvbjzi,0.2772717991911638,0.24913494259881191
SGC2025mxmybl,0.7134671413786084,0.6114550115786187
SGC2025nfwaxx,0.30195945373092553,0.38886364947354923
SGC2025nhmxqg,0.2780543626621597,0.4040957328419608
SGC2025nixqkn,0.07098724044018159,0.15633114499901604
SGC2025nnisgv,0.21320707801198047,0.35171530582573746
SGC2025norboe,0.13927941791314621,0.33588034074833956
SGC2025ntpflt,0.23254951582702665,0.2963574461991252
SGC2025ntwvyr,0.19245466269496844,0.3876896260239476
SGC2025nvjpiv,0.21941532509972506,0.23210307987449252
SGC2025nyojpb,0.16511681772869652,0.21646173377309097
SGC2025nzxnwu,0.30293627058299627,0.4030279802790592
SGC2025obtnnt,0.06282968300960153,0.2710094090323955
SGC2025oeefpt,0.13218217691327366,0.26185483429337775
SGC2025ohafcz,0.14926072526099135,0.2672702779683938
SGC2025oioarb,0.3799986001252211,0.42714547750515225
SGC2025ojfccx,0.1377238221636504,0.29019448391914154
SGC2025ojlbsk,0.19322992071654657,0.15923994711356457
SGC2025oovwmw,0.26304673307968207,0.24551524236755043
SGC2025ooxkee,0.14513619784256968,0.29377177741885513
SGC2025opeomj,0.1297530268586359,0.3735425317403589
SGC2025oqmbrb,0.184143602253474,0.3504793326211939
SGC2025orkxht,0.5978391316596481,0.5851944131673154
SGC2025orlgna,0.18687658340119911,0.22672241339841634
SGC2025oxrdns,0.20909417264075844,0.24404420902402688
SGC2025oysler,0.6463777239710021,0.6439952458410209
SGC2025oznkdx,0.17502471197442213,0.33400575008930194
SGC2025pckcqe,0.3403844358739801,0.45587033369724866
SGC2025peqqvg,0.252008183573422,0.10256260344435635
SGC2025pfhsaa,0.1479909764442717,0.15065246657881876
SGC2025pgnvil,0.07130179981806553,0.1700440112560677
SGC2025pgzatv,0.2204506499403302,0.35589513739408807
SGC2025pjnlpr,0.24429588872546687,0.3258784952754062
SGC2025plpjyc,0.6965210434379508,0.5644730777857367
SGC2025pmolbg,0.1429014683054706,0.3107466354795433
SGC2025pnazkt,0.31988898127632776,0.5542340637796864
SGC2025pnuoxj,0.126217950045355,0.32318962578337684
SGC2025pnwfgl,0.3687897240994947,0.4378078773332438
SGC2025pnxksl,0.3172519911515749,0.44929837984076904
SGC2025poesqw,0.1726993088473859,0.2615844054480844
SGC2025ptvimd,0.33709428192120067,0.22509653416401013
SGC2025ptzhut,0.42011317973519346,0.34269556762153475
SGC2025purufo,0.1772834158658163,0.31888305692271735
SGC2025pxikcz,0.14394020356513904,0.24877276489340866
SGC2025qaiaoq,0.964311267490922,0.8922010753023736
SGC2025qbajex,0.384010549266382,0.4797004945681673
SGC2025qbpako,0.5022786593553498,0.3326181694397315
SGC2025qdxdir,0.1197883027226354,0.22561360450127466
SGC2025qecjcm,0.36562383143339083,0.49577181855559643
SGC2025qepyjp,0.10732306068655904,0.2147602560903809
SGC2025qerord,0.2382750631791129,0.3122229429158258
SGC2025qewysy,0.12350705572119944,0.18489191013121248
SGC2025qggnkx,0.22502285882139686,0.31000324335386426
SGC2025qmgyvg,0.2115320683522059,0.29224298874491733
SGC2025qnhzeq,0.3013626078358665,0.21481746156227263
SGC2025qoeujk,0.20675227556606915,0.2251634508931415
SGC2025qrozun,0.2386758245821179,0.32659018941117707
SGC2025qvjson,0.5085815403888971,0.39394423339681733
SGC2025qwpuej,0.24425009833966746,0.21193074530043648
SGC2025rdxtbf,0.2686387075238024,0.23900364657735115
SGC2025rgxlgx,0.19450874242121752,0.3119964070873272
SGC2025rhjlkb,0.2408327592372481,0.26124195132774336
SGC2025rhxyoj,0.16689296890024152,0.2308943745959222
SGC2025rixoxi,0.16583665274932524,0.35980802818589125
SGC2025riztky,0.09016439546503319,0.24946025664066296
SGC2025rktthe,0.12759865775876508,0.25301307154932545
SGC2025rlquib,0.2101949884949756,0.35729710048636254
SGC2025rnxsja,0.21401348235548667,0.31327173120902385
SGC2025rszjyx,0.07492098766469789,0.19612241458601723
SGC2025srjpur,0.11780277818605761,0.20832026099274487
SGC2025srnljh,0.13756201406065274,0.14445707145821984
SGC2025syikfr,0.2954443857901238,0.3439561000131003
SGC2025syipcu,0.17855939821400346,0.22352520035575565
SGC2025szebul,0.0828683204651778,0.371160357135009
SGC2025tbblgt,0.5085136800773405,0.655124409540686
SGC2025tecvqa,0.16789408361483027,0.34917503109843523
SGC2025tfaske,0.22139070333375188,0.1350608900342104
SGC2025tgtpmi,0.35882388282807426,0.4917418874405087
SGC2025thfyim,0.4081335662942145,0.2814249817509921
SGC2025tikvgn,0.1687053290893511,0.24590766880623513
SGC2025tiyrmd,0.18643921056915752,0.3361159269557856
SGC2025tjuwso,0.1294304192497737,0.26107277870813433
SGC2025tkmcxi,0.2981264957974899,0.3410283209361609
SGC2025tkyclz,0.1460290786814613,0.2449105306418154
SGC2025tmpugl,0.22505117286451562,0.3271169463587642
SGC2025tmwskm,0.13301897839149662,0.21960521930846355
SGC2025toelnt,0.28945952907635925,0.4733414568962006
SGC2025tozgde,0.6088262219784608,0.5387981668755081
SGC2025tpmfpc,0.512856197143104,0.6299299117201204
SGC2025tpnkbg,0.28269529494799817,0.3792680055748454
SGC2025tqfinq,0.2685797410651575,0.37047102546685173
SGC2025tqjmsm,0.12739050733778975,0.27454417866583786
SGC2025trwuwp,0.1283318303535466,0.17546594037133256
SGC2025tsswek,0.27471401020801695,0.40326894024697824
SGC2025tsuqyb,0.20953753990192261,0.33552946777688386
SGC2025ttdgtm,0.19129825942419196,0.1791745428439251
SGC2025ttfsqr,0.09162777675339802,0.17472531379931866
SGC2025ttjisu,0.4212078956903914,0.3544587931196713
SGC2025ttjzny,0.17332289412218296,0.35562390652832904
SGC2025ttolsk,0.1723924798031788,0.39937600582347904
SGC2025ttubex,0.18837772081385382,0.12387149564848264
SGC2025ttzfnl,0.10339750088603865,0.15249102708394502
SGC2025tudfse,0.27845324082350664,0.25194844833337415
SGC2025tvctbl,0.13882315213950458,0.12172423490140516
SGC2025tvhuui,0.27438726508705863,0.38910334497532445
SGC2025tvighm,0.13860640758871037,0.16568056197016234
SGC2025tvsxzl,0.2678186617748474,0.3410956263483631
SGC2025twvxce,0.07875570528102553,0.18733435269247262
SGC2025twyqsf,0.15611516114030066,0.3221738007914508
SGC2025txacav,0.15245720196228377,0.23555461232979893
SGC2025txuhau,0.18217998271444788,0.15051031760938868
SGC2025uahwqa,0.1483658374091677,0.13946747509319957
SGC2025udyhqq,0.13923813078107247,0.22327485512138917
SGC2025ueghrb,0.5736267391427317,0.5995756606971829
SGC2025ufzhes,0.3342942047970543,0.3107193023115959
SGC2025ugwodk,0.29371475190966134,0.32031038094851116
SGC2025uhdigf,0.362898082921448,0.48323387525961375
SGC2025uhmjor,0.28371098927771093,0.17113517180087054
SGC2025uidxpg,0.2216651455072646,0.2330419998685939
SGC2025uipcce,0.4506671014168572,0.44793458982398054
SGC2025ujfiyo,0.13634373757388954,0.2655788081474952
SGC2025ukgyww,0.2431344756688456,0.2684519939591235
SGC2025ukomlv,0.13047017581144515,0.30165097406450986
SGC2025uleamn,0.25109370092107713,0.43460135884167783
SGC2025unxqel,0.39589331167638575,0.5971576651912792
SGC2025upnljt,0.2671304344373946,0.18824614722690242
SGC2025uqqsgl,0.281339700053245,0.13147375378034357
SGC2025uskbfm,0.22300636678194877,0.358761785627527
SGC2025utwzwl,0.10059755604704747,0.21377276541514226
SGC2025uufyxx,0.15192669188019187,0.32632347344958695
SGC2025uurbyx,0.2914720154306087,0.4071119779455513
SGC2025uvlboq,0.20364385644018362,0.11965385850594762
SGC2025uvszsf,0.44743872099610976,0.48456476321515884
SGC2025uwhqgz,0.21082196835403622,0.2759976459805931
SGC2025uwuzmq,0.20750207149429092,0.21685492421602812
SGC2025uxgyer,0.4280885208022572,0.6386054001320448
SGC2025uxibuj,0.30160032956219957,0.2704389873072588
SGC2025uxpuyq,0.1556611058463169,0.1581200611351667
SGC2025uxqhko,0.20301355463063975,0.31340912764929935
SGC2025uxswrv,0.1206439692401113,0.2761296508548672
SGC2025uycmzs,0.17055913322005348,0.23406121243920136
SGC2025uzybwg,0.31454025116372897,0.4811817920253279
SGC2025valxhh,0.09102712108305495,0.2312095934871325
SGC2025vatbqp,0.7955639833584953,0.7938303463629028
SGC2025vayylx,0.566616807448826,0.4610699851157792
SGC2025vblnob,0.1477339969475867,0.11744490283917064
SGC2025vbnnea,0.3430133514217121,0.08953035578709026
SGC2025vcxsas,0.10540441167368657,0.2646116513929254
SGC2025vdwwrs,0.23687277689323194,0.23248886341843703
SGC2025vfhilu,0.1749619562942363,0.2538059012310859
SGC2025vfnpzv,0.19394741281714212,0.37901566555400446
SGC2025vfuzaf,0.1734376351747593,0.3911955628285083
SGC2025vgwtqc,0.3529954713453898,0.31332736395721245
SGC2025vhcwnw,0.25816077263679893,0.32992484566079194
SGC2025visyjq,0.20845178183807697,0.1231402937845855
SGC2025vjrxjy,1.0648321435131325,1.1416496452056397
SGC2025vmsmyu,0.1452777806230407,0.15578643651003665
SGC2025vqocjw,0.114175093218953,0.21880543710407252
SGC2025vqovyv,0.07120552407306109,0.231972771751904
SGC2025vrhlri,0.2550336094265381,0.2690500096224761
SGC2025vritqb,0.2555346407545199,0.41383850359017094
SGC2025vrvdwd,0.22133066527672804,0.270485668616922
SGC2025vtdlsr,0.2142551446830339,0.22646558552968804
SGC2025vunyhb,0.09861902682303281,0.228141529308135
SGC2025vvnthu,0.15826911817514838,0.18340020138850094
SGC2025vvsqbw,0.457867350426465,0.5736676245162285
SGC2025vvyfbp,0.21568623331200024,0.3267950747419243
SGC2025vyades,0.3551246785208277,0.3390264497330866
SGC2025vyyqmp,0.5595215706909088,0.7479023392042385
SGC2025vyzkxo,0.2164671390409854,0.4129427698478623
SGC2025vzkypd,0.24366019609403192,0.4062061881527164
SGC2025wdaehl,0.22016242908649827,0.2848324346225369
SGC2025wfyhiq,0.2191735731505268,0.4220840184358937
SGC2025wkfnca,0.16023820523916985,0.30654853628230966
SGC2025wmkock,0.20235345254743967,0.31177632734867394
SGC2025woeyak,0.14453243720491885,0.31676634947921983
SGC2025woncnz,0.2067691233000698,0.2592994553289429
SGC2025wrepox,0.25825114714505987,0.28229685729190596
SGC2025wrmvhm,0.31245658760016676,0.2855911699580315
SGC2025wroprz,0.32263235386809924,0.23160071690851156
SGC2025wrwlzd,0.10770997321474271,0.20230127886333354
SGC2025wthywj,0.2562318143626393,0.1927582597493174
SGC2025wtjawk,0.34050799069229154,0.15099978890040533
SGC2025wtkjxz,0.17911179286478565,0.16153314237325642
SGC2025wtuoxs,0.29998611136844805,0.256688298462848
SGC2025wtyqgv,0.3292984829645135,0.3210068717692872
SGC2025wucbrx,0.11794069935421955,0.33116805785937986
SGC2025wvcvfj,0.25611961936195404,0.35813804345274114
SGC2025wxmxjv,0.1842650987350423,0.3914588374299435
SGC2025wxxakp,0.39533854274446484,0.49600071563651865
SGC2025wzbcvx,0.4019678870336269,0.3881783383844768
SGC2025wzqrgx,0.2513315653202068,0.21332698588060056
SGC2025xaofpc,0.19533357979041094,0.200020534895488
SGC2025xarvbk,0.2338222801571385,0.2107244301533877
SGC2025xbemzq,0.16807673912645843,0.36901796256950903
SGC2025xcrede,0.23709214419631497,0.36601889350063477
SGC2025xemfbk,0.10869117477627045,0.2681175769703287
SGC2025xenqdd,0.2904166964833475,0.31017519629872276
SGC2025xiodno,0.46226018067444913,0.3334018285506185
SGC2025xjqrcw,0.27001015700972003,0.24553276069154084
SGC2025xjralr,0.24504267781193362,0.16319222090286079
SGC2025xmbslf,0.7876472113212412,1.0246462701215469
SGC2025xnanbj,0.1585828180347632,0.138971821126891
SGC2025xphxxh,0.2240189786953442,0.30849096613292804
SGC2025xqiphw,0.26812064142201364,0.20804102006302475
SGC2025xqiyau,0.2928679355142849,0.3059347363573781
SGC2025xrsixd,0.09177314092740595,0.3341973682677142
SGC2025xsxeym,0.2395200238816159,0.1447115705238495
SGC2025xtetgq,0.40906789331591065,0.0714860253755503
SGC2025xtlprq,0.05499849420151544,0.25811875641491583
SGC2025xvcwir,0.1937142610840011,0.3206943191921454
SGC2025xvpdrf,0.7110030300983216,0.5699070957888932
SGC2025xxueyp,0.2303937564449645,0.4065243422092783
SGC2025xyrfux,0.44814321166844273,0.5395140093148652
SGC2025yaiwry,0.32727992734397715,0.3496963411466831
SGC2025yaqxax,0.48639968228023456,0.4260703400212196
SGC2025ybrsug,0.17751238816039835,0.34808469531600317
SGC2025ycbngp,0.4726544811981949,0.3741160609319008
SGC2025ycdafx,0.35889619761496927,0.34444457679613083
SGC2025ycdrkg,0.16467048172023513,0.24432976843248036
SGC2025ycuobb,0.19678656853666615,0.3905800792641167
SGC2025yduozy,0.13778639561237294,0.2948560070095463
SGC2025yefnql,0.24642942790915767,0.2596782368078804
SGC2025yfrnoz,0.3905549719203411,0.33959440274059094
SGC2025yjmgrl,0.20313185708051568,0.3388587940235478
SGC2025ykkrkg,0.3129719913550011,0.2858614482675987
SGC2025ylypzu,0.29510482819780626,0.4210427366768805
SGC2025ymegea,0.15214308001257015,0.3941507914677294
SGC2025ynumpk,0.11461043729487573,0.21853690395486627
SGC2025yphbvt,0.18425586702779312,0.3254197520358468
SGC2025yptgbm,0.1717928317079954,0.17074118571455468
SGC2025yquhay,0.2057955181865092,0.32113580904944455
SGC2025yqvnxd,0.1711198330712608,0.21698678162425494
SGC2025yricvd,0.3380639570289058,0.3390940381868036
SGC2025yshmnq,0.4716131207288332,0.5485484708717706
SGC2025yswier,0.3093652743055615,0.25418641124595565
SGC2025ytdces,0.2696666226496608,0.1323535289981634
SGC2025yuaeko,0.42048655400073304,0.3359608436852131
SGC2025yuczzx,0.2681086251562561,0.397855583123723
SGC2025yufamz,0.19791683348866643,0.3430660497087258
SGC2025yufxnw,0.24152694406885183,0.2927815827862232
SGC2025ywgkqr,0.3087334223320265,0.16631962688671728
SGC2025ywqwtf,0.2172409738804484,0.5166794476761155
SGC2025yxrhgz,0.7453907693464052,0.6735173288229013
SGC2025yyafzv,0.17425321379900158,0.1408185823514217
SGC2025yykeuo,0.24940720628755025,0.30861674395598104
SGC2025yymqxd,0.3476032298019135,0.44863646845031063
SGC2025yynyab,0.2887220832516352,0.36929869962391143
SGC2025yyqepl,0.2567765551797359,0.30973054155174745
SGC2025yzjqpb,0.16312044433015288,0.24165350867438734
SGC2025yztxps,0.07148576096238758,0.30677419299902414
SGC2025zbojol,0.31307678591749566,0.2664521430766762
SGC2025zcdpgk,0.20106105694861526,0.4733630605218765
SGC2025zdcurr,0.43255246809479164,0.48749325931127535
SGC2025zeadrs,0.17138715812428695,0.1655659111930154
SGC2025zehnkd,0.2809970618879123,0.261294148023793
SGC2025zfcawe,0.35446925420944975,0.28438855240069283
SGC2025zfsqjt,0.3123025676370363,0.34866794395243855
SGC2025zfwjcv,0.26601472838901463,0.3389882996787627
SGC2025zfzefr,0.1362216564983972,0.3074803090372342
SGC2025zgbbed,0.5622148297678509,0.6758243472560221
SGC2025zgsatp,0.3161191472406816,0.2279785757078831
SGC2025zhfcgd,0.2585990665584348,0.3989285805322787
SGC2025zhkwls,0.3003112484937867,0.3579606153786851
SGC2025zhuyrj,0.21181746729966405,0.23220490223262996
SGC2025zhwqne,0.21428649601715039,0.3859434754213071
SGC2025zhxeom,0.14476637576358745,0.23749083635240686
SGC2025zkatip,0.48757548958307084,0.6741223012741524
SGC2025zkhpfn,0.13635648281914559,0.2957672280875286
SGC2025zkqlhm,0.21397964412980006,0.14505271965967434
SGC2025zlmjrr,0.27058904323147626,0.35950182992218405
SGC2025zqocwa,0.3952955802851677,0.4818690459796165
SGC2025zqwcsx,0.1434055591699986,0.3583007000959018
SGC2025zqxnuy,0.09241509781368797,0.2992314290247598
SGC2025zrmarc,0.4561115899162739,0.2758417187119408
SGC2025zrrqah,0.5414852220527557,0.4380636836445966
SGC2025zrwqey,0.19169769690807892,0.25860802344893874
SGC2025zscbhn,1.470017107004855,1.4227992588010827
SGC2025zsgmbu,0.3293431827256997,0.26484174497660895
SGC2025zsmley,0.18864023849846043,0.17438314910481406
SGC2026aaodyk,0.10106539699061103,0.35476554604362237
SGC2026abkrcj,0.5571319781064811,0.764269214221198
SGC2026abvgec,0.13639340778775613,0.17413470148841503
SGC2026achatu,0.14647255309000132,0.30436742596292765
SGC2026adcjhr,0.2832186136885825,0.20075327698988185
SGC2026adhplx,0.10593395152478462,0.2108178120192049
SGC2026adlpba,0.3282603134598923,0.268879907863123
SGC2026adwlwp,0.33143297193814436,0.3269078559196879
SGC2026afswai,0.23601099645477727,0.23167641898056165
SGC2026ahccop,0.23338800191467365,0.26353083037332553
SGC2026ajhcla,0.0637777492344026,0.2557499587829216
SGC2026ajmphg,0.2684012327209756,0.2589171171999768
SGC2026ajuudm,0.33121325746916874,0.29706737713279574
SGC2026ajvwzf,0.27170225738992076,0.38378618183538826
SGC2026akeapz,0.2842035425898333,0.3520645765013837
SGC2026alscyf,0.3667335177939181,0.4833159866441669
SGC2026amcurt,0.1751884100935628,0.3648973915956169
SGC2026aodwcx,0.13942733206245356,0.2223807019743561
SGC2026apmkrl,0.19177965778367706,0.3158615166090495
SGC2026aqjter,0.23881520430576383,0.36410759912931717
SGC2026aqstmh,0.2388053725178615,0.36028898180128
SGC2026arcexx,0.36853480827444385,0.31711036882109
SGC2026aretcm,0.1641891885816774,0.19541913719134055
SGC2026asvptr,0.28778841703119923,0.4111409821518363
SGC2026asxhkz,0.31606797389014074,0.35755712728522265
SGC2026atbkib,0.3430424039403272,0.36002019454280104
SGC2026avqhxb,0.26042175782252014,0.36650285372053054
SGC2026avtadc,0.20102557449591069,0.3670374354880028
SGC2026awhvuh,0.09032392537071442,0.19523915759088645
SGC2026awqomw,0.2505447781324378,0.45243963287516575
SGC2026ayfedv,0.35673752680374565,0.30775553077685214
SGC2026ayjcwl,0.3419994226269614,0.18062163885528032
SGC2026aynldj,0.09171982363683297,0.14168484517722382
SGC2026ayonav,0.21458193823456365,0.19165123572930248
SGC2026azfcut,0.33089847318595805,0.19018682081906924
SGC2026baehdu,0.4937000472679627,0.557708190250343
SGC2026baiaoh,0.38385811989722196,0.4615632219288794
SGC2026bankiy,0.19320669658298414,0.4267165651349415
SGC2026bboqbh,0.20729129180942507,0.23952425711640185
SGC2026bbtqub,0.27466112075964394,0.2874613450669674
SGC2026bcogic,0.7511289659647282,0.715590129676057
SGC2026bddnen,0.13532101229761734,0.28267890419673325
SGC2026beeikk,0.2689468504931829,0.21980336811150425
SGC2026bfapbx,0.327259844587729,0.13588491761327845
SGC2026bfgwsv,0.12556586197776942,0.2709649532276819
SGC2026bfmznn,0.22560639472318497,0.3519803488910773
SGC2026bgymzn,0.2985023033219013,0.2563500347251047
SGC2026bhliuq,0.20071115736294431,0.397992746420379
SGC2026bjpket,0.16101098667119468,0.1844132806329069
SGC2026bjysti,0.29780301702036843,0.4174350030097887
SGC2026bkcbei,0.14917821104181042,0.29414794706088765
SGC2026bkcxyi,0.2258795672082711,0.2232565441791919
SGC2026bkmwgc,0.24079394827719283,0.15984647387176956
SGC2026boggwn,0.2261049659121112,0.3115911124230063
SGC2026bozpsq,0.3448054967403819,0.3434362527642443
SGC2026brapry,0.1926858690490338,0.20661313239505838
SGC2026brkwnu,0.19800678271326488,0.17376523002505206
SGC2026brwygx,0.6168134529386199,0.8310854808498883
SGC2026btftkx,0.2574499877829381,0.17513172141192032
SGC2026buvukh,0.19648282387809346,0.31334723018737726
SGC2026bwaxyk,0.33667939540062314,0.5834173729988453
SGC2026bwfdhv,0.3433958214409553,0.45281795552794557
SGC2026bzjgfr,0.2327726308131002,0.30644625317973556
SGC2026cavaqj,0.27416532040022695,0.31211094471677064
SGC2026cavpjt,0.20913377056842455,0.46377439334441606
SGC2026cbmdpr,0.13608863430914905,0.33132036934294845
SGC2026cdgslw,0.4986245531875342,0.543325624240559
SGC2026cdsani,0.4404746624080847,0.4301172699345927
SGC2026ceuaxf,0.0654434282386021,0.25320752235039773
SGC2026cfguwl,0.15170155870577948,0.36794246649849743
SGC2026cgzmgj,0.5853962287077571,0.42731284267305475
SGC2026chbtcp,0.2003161549588769,0.17963958461648036
SGC2026chinlw,0.3273708503416969,0.4828421700347349
SGC2026chpmgj,0.2937885417373119,0.5292448210799271
SGC2026cilirw,0.29928433368641055,0.229512823398331
SGC2026cjgetx,0.6700185666699994,0.4394721016932137
SGC2026ckvgki,0.09523360627809997,0.41308571069525757
SGC2026clcsgm,0.22103046076990787,0.4077533777536263
SGC2026clddvk,0.28336687098166263,0.20631180229633858
SGC2026cmuvbi,0.2910017205565908,0.2601920384107771
SGC2026cobfzy,0.2856815990101145,0.36966132661906065
SGC2026cpiwli,0.20798152990198499,0.14046940204498798
SGC2026cqhawk,0.22268264803938995,0.2985106710508431
SGC2026crtuab,0.2894523424883967,0.49831247333250733
SGC2026ctomjf,0.4450708999996159,0.4528461463293354
SGC2026cwcgml,0.2713687525223175,0.27799874001807906
SGC2026cxcuul,0.14298910518172317,0.2076464511379724
SGC2026cyvsqp,0.6218195925323361,0.6080141346688342
SGC2026czgcvh,0.1689384083276566,0.2784271889635804
SGC2026czhcbm,0.30973692841937367,0.49425776211979616
SGC2026czryym,0.16692659066072146,0.3338767164415363
SGC2026daapkn,0.0719929791576078,0.1558006688496616
SGC2026dbamln,0.16071148883524874,0.1420228765271557
SGC2026ddghiv,0.0653117452581498,0.3286027597229336
SGC2026ddkxps,0.6876766130640188,0.5037268085236419
SGC2026decsct,0.2101014208100407,0.2967498218202759
SGC2026dedywv,0.14448767409229035,0.24789452837262865
SGC2026depcms,0.1950066335024884,0.27072734536201953
SGC2026dfnxfz,0.15926517359479503,0.2960726232968335
SGC2026dganiz,0.10965158056718646,0.29511114534000354
SGC2026dhvymj,0.2676440505564363,0.24601621534650278
SGC2026dkghty,0.19396706979176062,0.3129346546801138
SGC2026dkpczs,0.23039857017409324,0.12392160046314359
SGC2026dksnpf,0.19125601713683874,0.42574321971525825
SGC2026dktcye,0.23628979161128805,0.36700932598046426
SGC2026dlwhzl,0.3866026182445008,0.5382052881549746
SGC2026dnpisi,0.08574278309887136,0.19457601326897508
SGC2026dpccmw,0.27187894245887545,0.32238034118902353
SGC2026drhvto,0.3430177362028864,0.24997887475967653
SGC2026dtybze,0.11676328622699017,0.3464303227332947
SGC2026dvolvp,0.1296100399751388,0.2958775107893216
SGC2026dxmcmm,0.24782692128461603,0.240698253487775
SGC2026dxrjse,0.11141099980643185,0.39562303043764085
SGC2026dxzirk,0.2089558736900732,0.41353676557298386
SGC2026dyaxpc,0.09096396394101754,0.283052513060783
SGC2026dyiksr,0.23597932776817834,0.18710844056999426
SGC2026dyufyp,0.26223827094818153,0.3172434430004509
SGC2026dyyahz,0.42249893509846953,0.43630174036051
SGC2026dyzvtc,0.4667439560635867,0.38510020101114173
SGC2026dzlpgn,0.26544693098542216,0.15178377280296382
SGC2026dzqhsx,0.2555689568996177,0.2453286276795503
SGC2026dzqoyg,0.26609903914327787,0.3025745208991879
SGC2026eawpxr,0.05029607779982261,0.3199873850520933
SGC2026edqjlj,0.26361245445889947,0.13778780662992418
SGC2026eerlzu,0.16402978373160926,0.19319006400412916
SGC2026efdric,0.8757498830992356,0.9710106047438716
SGC2026efgvnz,0.41624182727969783,0.48049983963932286
SGC2026efigiy,0.13251698070754625,0.3470815292412367
SGC2026egmmcc,0.2806120343925152,0.44790341023322133
SGC2026egpkvr,0.09564992352530885,0.10527108658499246
SGC2026egwytg,0.22726473149156862,0.2172564096107482
SGC2026ejgemx,0.4603096761837701,0.3317042446658607
SGC2026ekkmkr,0.5784250676742254,0.430875325212575
SGC2026eocllo,0.09170682860080986,0.24297130311196663
SGC2026eohlkf,0.10326308466765964,0.2231770992375508
SGC2026epnvba,0.18131906520951907,0.18625398148092243
SGC2026erisor,0.15290895122714865,0.3211416282715229
SGC2026erqvmd,0.13869740181628695,0.3037164931811103
SGC2026ervxru,0.12428551430868907,0.30803193371401394
SGC2026esyldq,0.23780059117509078,0.26283812389472666
SGC2026etbmrw,0.34257419826217095,0.3101716883869213
SGC2026evjiii,0.6986970379358549,0.8401365958368928
SGC2026evkhtz,0.15813013358716846,0.29077539519501844
SGC2026eximwe,0.3371597173685089,0.3721851057643228
SGC2026exxida,0.3046506647187251,0.45013332211004814
SGC2026exzhxo,0.16836282985358383,0.18322740088779146
SGC2026eywwqq,0.18787845369799705,0.19353580185148658
SGC2026fcpifa,0.2326627385365732,0.29207326213800405
SGC2026fdohjn,0.6402389752848949,0.49051664139349865
SGC2026fenvlm,0.3398588983785034,0.35139288362567817
