event_id,round,n_picks,catalog_x_km,catalog_y_km,catalog_z_km,x_km,y_km,depth_km,lat,lon,origin_time_shift_s,rms_before_s,rms_after_s,horizontal_shift_km,vertical_shift_km,total_shift_km,vp_final_km_s,dvp_percent,vp_active,hit_count
SGC2022obwjqd,2,9,-36.31574630737305,-16.207199096679688,140.0,-36.31574630737305,-16.207199096679688,140.0,6.854408919361483,-73.32867832575951,-0.0105702215092371,0.1635764035465146,0.1635764035465146,0.0,0.0,0.0,9.045017137417561,-0.4290081786313173,True,218
SGC2025ycdafx,2,9,-16.315746307373047,-16.207199096679688,150.0,-16.315746307373047,-16.207199096679688,160.0,6.854408919361483,-73.14766685873492,-0.9566177674344658,0.4373891822323813,0.364700880738398,0.0,10.0,10.0,9.339252468966754,2.8100463578211112,True,50
SGC2025yuczzx,2,8,-76.31575012207031,-46.20719909667969,110.0,-76.31575012207031,-46.20719909667969,110.0,6.584915566864178,-73.69070129433389,0.1245378511543187,0.2298521068007465,0.2298521068007465,0.0,0.0,0.0,9.03564464032637,-0.5321841944458479,True,296
SGC2026amcurt,2,8,-66.31575012207031,-36.20719909667969,120.0,-66.31575012207031,-36.20719909667969,130.0,6.67474668436328,-73.60019556082159,-0.7582541658431552,0.2498827738286088,0.1862207430796386,0.0,10.0,10.0,8.843973386553555,0.765349896576419,True,241
SGC2026adwlwp,2,8,-36.31574630737305,-16.207199096679688,130.0,-46.31574630737305,-16.207199096679688,140.0,6.854408919361483,-73.41918405927181,-0.4323974159073369,0.4631011761096855,0.3145021725216434,10.0,10.0,14.142135623730953,9.1285280770246,0.4903120347277561,True,172
SGC2025kgeyrg,2,8,-56.31574630737305,-46.20719909667969,130.0,-56.31574630737305,-46.20719909667969,130.0,6.584915566864178,-73.5096897927841,0.1284391454466149,0.281463661833166,0.281463661833166,0.0,0.0,0.0,9.216851045177766,1.4626048901207107,True,157
SGC2022reqafp,2,8,-36.31574630737305,-6.207200050354004,140.0,-36.31574630737305,-16.207199096679688,150.0,6.854408919361483,-73.32867832575951,-0.9289658894405104,0.3072104435818788,0.2065421656771125,9.999999046325684,10.0,14.14213494938139,8.26403835504335,-0.19277027104581004,True,134
SGC2025zqwcsx,2,8,-66.31575012207031,-66.20719909667969,130.0,-66.31575012207031,-66.20719909667969,130.0,6.405253331865975,-73.60019556082159,0.0759216171703514,0.1268096772293354,0.1268096772293354,0.0,0.0,0.0,9.397954678917197,3.4562626311648064,True,125
SGC2026apmkrl,2,8,-76.31575012207031,-56.20719909667969,120.0,-76.31575012207031,-56.20719909667969,110.0,6.495084449365076,-73.69070129433389,0.7247062622358893,0.1695905138114139,0.1587986732379122,0.0,-10.0,10.0,7.422474897125625,-0.18146501122487346,True,106
SGC2026arcexx,2,8,-86.31575012207031,-16.207199096679688,100.0,-86.31575012207031,-16.207199096679688,110.0,6.854408919361483,-73.78120702784618,-0.5757459997512289,0.384711888700169,0.3440286874884872,0.0,10.0,10.0,8.987260965902532,-1.0648101007488977,True,79
SGC2022rmddhb,2,8,-26.315746307373047,43.79280090332031,130.0,-26.315746307373047,33.79280090332031,120.0,7.303564506856992,-73.23817259224722,1.2215457407457606,0.3251085713943068,0.2886917856640454,10.0,-10.0,14.142135623730953,9.219473467371575,1.4914735119093612,True,72
SGC2026bzjgfr,2,8,-46.31574630737305,-46.20719909667969,140.0,-46.31574630737305,-46.20719909667969,140.0,6.584915566864178,-73.41918405927181,0.1116023221468118,0.2282351354179311,0.2282351354179311,0.0,0.0,0.0,9.097780522051849,0.15183124489556477,True,68
SGC2022lvdnwz,2,8,-36.31574630737305,-26.207199096679688,130.0,-36.31574630737305,-26.207199096679688,140.0,6.764577801862382,-73.32867832575951,-0.6540354260249526,0.287505863263731,0.2809966191012341,0.0,10.0,10.0,8.967627934527727,-1.2809379838418407,True,66
SGC2022idsong,2,8,-36.31574630737305,-16.207199096679688,120.0,-36.31574630737305,-16.207199096679688,120.0,6.854408919361483,-73.32867832575951,0.0337156896727162,0.3463759312424032,0.3463759312424032,0.0,0.0,0.0,6.298333958535695,-0.6966785269928683,True,65
SGC2026akeapz,2,8,-26.315746307373047,43.79280090332031,140.0,-26.315746307373047,33.79280090332031,130.0,7.303564506856992,-73.23817259224722,1.3137979854024593,0.446480991685211,0.3304089881149825,10.0,-10.0,14.142135623730953,9.216973429067115,1.46395213856263,True,58
SGC2025yynyab,2,8,-26.315746307373047,23.792800903320312,140.0,-26.315746307373047,33.79280090332031,150.0,7.303564506856992,-73.23817259224722,-0.8968396394711053,0.3806280114586404,0.3352965688466303,10.0,10.0,14.142135623730953,8.405385604774787,1.5143221720685087,True,53
SGC2025yyqepl,2,8,-76.31575012207031,-36.20719909667969,110.0,-76.31575012207031,-36.20719909667969,120.0,6.67474668436328,-73.69070129433389,-0.4672178629818866,0.2755692469048851,0.2640001415379131,0.0,10.0,10.0,9.165604664180735,0.8984652201115392,True,51
SGC2023tnddfv,2,8,-46.31574630737305,43.79280090332031,120.0,-46.31574630737305,33.79280090332031,110.0,7.303564506856992,-73.41918405927181,1.2315284762242928,0.2750532212745444,0.2151314847058372,10.0,-10.0,14.142135623730953,9.370593357328916,3.155058787468569,True,43
SGC2026ajmphg,2,8,-46.31574630737305,-36.20719909667969,130.0,-56.31574630737305,-26.207199096679688,140.0,6.764577801862382,-73.5096897927841,-0.5159818735333825,0.3311886248660752,0.2830061430047245,14.142135623730953,10.0,17.320508075688775,8.312378874070491,0.3910524413468917,True,39
SGC2026cavaqj,2,8,-26.315746307373047,43.79280090332031,150.0,-26.315746307373047,33.79280090332031,140.0,7.303564506856992,-73.23817259224722,1.584394355755455,0.4178825372370806,0.3262211878183958,10.0,-10.0,14.142135623730953,9.328952131763137,2.6966563248474964,True,36
SGC2022rfeklc,2,8,-36.31574630737305,43.79280090332031,140.0,-46.31574630737305,43.79280090332031,130.0,7.393395624356093,-73.41918405927181,1.0290650117296618,0.5099908615674856,0.3911939954995127,10.0,-10.0,14.142135623730953,9.188582434895597,1.1514132671039636,True,32
SGC2022krvcyw,2,8,-46.31574630737305,-46.20719909667969,120.0,-46.31574630737305,-46.20719909667969,130.0,6.584915566864178,-73.41918405927181,-0.5800436732365135,0.4842814659802116,0.4150680997575676,0.0,10.0,10.0,9.01924157737589,-0.7127553555695795,True,31
SGC2026ayjcwl,2,8,-56.31574630737305,73.79280090332031,120.0,-56.31574630737305,63.79280090332031,110.0,7.573057859354296,-73.5096897927841,1.4695949905476269,0.4625168917949099,0.3371890400361021,10.0,-10.0,14.142135623730953,9.39069845734625,3.3763833818811477,True,28
SGC2025zcdpgk,2,8,-76.31575012207031,-76.20719909667969,120.0,-76.31575012207031,-76.20719909667969,120.0,6.315422214366873,-73.69070129433389,0.0823629097373785,0.1658463545670141,0.1658463545670141,0.0,0.0,0.0,9.131743165094498,0.5257049480909123,True,26
SGC2024lyrntx,2,8,-16.315746307373047,-16.207199096679688,160.0,-16.315746307373047,-16.207199096679688,170.0,6.854408919361483,-73.14766685873492,-1.0609569379697028,0.3983338389577548,0.3841987615932684,0.0,10.0,10.0,8.267133130086535,-0.15539375965703853,True,26
SGC2023rikani,2,8,-26.315746307373047,43.79280090332031,130.0,-26.315746307373047,43.79280090332031,140.0,7.393395624356093,-73.23817259224722,-0.731284753318322,0.254232409577134,0.2266010239073109,0.0,10.0,10.0,9.07483604860551,-0.10075025308966683,True,26
SGC2026cmuvbi,2,8,-86.31575012207031,63.79280090332031,100.0,-86.31575012207031,53.79280090332031,90.0,7.483226741855195,-73.78120702784618,1.5234415306237477,0.5627782203914883,0.3114574643881952,10.0,-10.0,14.142135623730953,8.682787208393153,-1.4407523833642335,True,23
SGC2022kfsawo,2,8,-26.315746307373047,33.79280090332031,140.0,-26.315746307373047,43.79280090332031,150.0,7.393395624356093,-73.23817259224722,-1.1107682684449642,0.7794246734767776,0.6951680072419715,10.0,10.0,14.142135623730953,8.447738853953922,2.0258348598103053,True,21
SGC2026bfmznn,2,8,-36.31574630737305,33.79280090332031,120.0,-36.31574630737305,33.79280090332031,130.0,7.303564506856992,-73.32867832575951,-0.6825443504819333,0.2964268662262399,0.2656987695871504,0.0,10.0,10.0,9.31387409937486,2.530671604552759,True,20
SGC2025xvcwir,2,7,-56.31574630737305,-16.207199096679688,120.0,-56.31574630737305,-26.207199096679688,130.0,6.764577801862382,-73.5096897927841,-0.9403580752621004,0.2924472835466622,0.1843353980651145,10.0,10.0,14.142135623730953,9.119283338145399,0.388542429944635,True,226
SGC2024onitvr,2,7,-66.31575012207031,-36.20719909667969,120.0,-66.31575012207031,-36.20719909667969,120.0,6.67474668436328,-73.60019556082159,-0.0446855959259302,0.3280237982119686,0.3280237982119686,0.0,0.0,0.0,9.163566173883268,0.876024742923565,True,198
SGC2026bjysti,2,7,-76.31575012207031,-46.20719909667969,110.0,-76.31575012207031,-46.20719909667969,100.0,6.584915566864178,-73.69070129433389,0.6769751777864652,0.2638080064441681,0.2425089700038313,0.0,-10.0,10.0,8.436222187657114,0.9029548446099861,True,192
SGC2024pyionv,2,7,-76.31575012207031,-56.20719909667969,120.0,-76.31575012207031,-56.20719909667969,120.0,6.495084449365076,-73.69070129433389,0.1295942638600031,0.1784714136195385,0.1784714136195385,0.0,0.0,0.0,9.252968523944665,1.860199845251345,True,143
SGC2025cphhdg,2,7,-56.31574630737305,-36.20719909667969,120.0,-56.31574630737305,-36.20719909667969,120.0,6.67474668436328,-73.5096897927841,0.2023041333433077,0.2428618137101351,0.2428618137101351,0.0,0.0,0.0,9.371813750408354,3.16849333905486,True,126
SGC2026adcjhr,2,7,-56.31574630737305,-46.20719909667969,120.0,-66.31575012207031,-46.20719909667969,130.0,6.584915566864178,-73.60019556082159,-0.6350747381099318,0.3553514178020635,0.3170029431405317,10.000003814697266,10.0,14.142138321129512,8.839398491960134,0.7132250388572677,True,94
SGC2024rsdawg,2,7,-66.31575012207031,-56.20719909667969,110.0,-66.31575012207031,-56.20719909667969,120.0,6.495084449365076,-73.60019556082159,-0.9148700674706164,0.9896120733190772,0.9595663821427068,0.0,10.0,10.0,9.111844643126695,0.3066544434857675,True,90
SGC2024rzjwkh,2,7,-66.31575012207031,-36.20719909667969,120.0,-76.31575012207031,-26.207199096679688,120.0,6.764577801862382,-73.69070129433389,0.2687151225078157,2.477513492583796,2.439572184851992,14.142135623730953,0.0,14.142135623730953,8.640583800404324,-1.5520047491089017,True,86
SGC2025oeefpt,2,7,-56.31574630737305,3.792799949645996,120.0,-56.31574630737305,3.792799949645996,120.0,7.034071145792724,-73.5096897927841,0.1588046343907123,0.1306676404903741,0.1306676404903741,0.0,0.0,0.0,9.350256271880099,2.9311804091161733,True,82
SGC2025ycuobb,2,7,-66.31575012207031,-66.20719909667969,120.0,-66.31575012207031,-66.20719909667969,120.0,6.405253331865975,-73.60019556082159,0.0441539068148664,0.1599178251744183,0.1599178251744183,0.0,0.0,0.0,9.043357518523859,-0.44727789518142097,True,77
SGC2026dkpczs,2,7,-56.31574630737305,43.79280090332031,100.0,-56.31574630737305,43.79280090332031,110.0,7.393395624356093,-73.5096897927841,-0.5419235911910079,0.2973653728226784,0.2422593583756848,0.0,10.0,10.0,9.035649111264838,-0.5321349766532235,True,70
SGC2026afswai,2,7,-126.31575012207033,-56.20719909667969,80.0,-126.31575012207033,-56.20719909667969,80.0,6.495084449365076,-74.14322996189536,0.0785507806254948,0.2759279137081114,0.2759279137081114,0.0,0.0,0.0,8.746425932929421,-0.718382404803203,True,64
SGC2024rqtzog,2,7,-66.31575012207031,-56.20719909667969,100.0,-76.31575012207031,-56.20719909667969,90.0,6.495084449365076,-73.69070129433389,1.019386870568356,1.988880471310534,1.7772651659008205,10.0,-10.0,14.142135623730953,7.510918079241121,-1.2666158261288432,True,58
SGC2025zfwjcv,2,7,-56.31574630737305,-46.20719909667969,130.0,-56.31574630737305,-46.20719909667969,140.0,6.584915566864178,-73.5096897927841,-0.8851626936907664,0.2425529334790165,0.2287011435385969,0.0,10.0,10.0,8.878080264924312,1.1539525509144144,True,57
SGC2024mnouax,2,7,-66.31575012207031,-76.20719909667969,120.0,-76.31575012207031,-66.20719909667969,130.0,6.405253331865975,-73.69070129433389,-0.095597964777081,0.4559771099035815,0.3596013802746603,14.142135623730953,10.0,17.320508075688775,8.853330905879343,0.8719664215040662,True,51
SGC2024pxruxe,2,7,-46.31574630737305,3.792799949645996,130.0,-46.31574630737305,3.792799949645996,140.0,7.034071145792724,-73.41918405927181,-0.8606835614578117,0.2280279820711036,0.2071222895587807,0.0,10.0,10.0,8.880291398149202,1.1791454821157585,True,50
SGC2024pgyuhb,2,7,-16.315746307373047,-16.207199096679688,160.0,-16.315746307373047,-26.207199096679688,170.0,6.764577801862382,-73.14766685873492,-1.0919849940935509,0.3308079892982639,0.2804468731500676,10.0,10.0,14.142135623730953,8.265843514868903,-0.17096882317420384,True,46
SGC2026dkghty,2,7,-56.31574630737305,-46.20719909667969,130.0,-66.31575012207031,-36.20719909667969,140.0,6.67474668436328,-73.60019556082159,-0.6534812799736898,0.2445477141219096,0.2310853626594686,14.142138321129512,10.0,17.320510278105544,8.324317074206332,0.5352336070575954,True,42
SGC2023qylyeu,2,7,-66.31575012207031,-66.20719909667969,120.0,-76.31575012207031,-56.20719909667969,130.0,6.495084449365076,-73.69070129433389,-0.5186211803180107,0.357640660516839,0.1041263920011628,14.142135623730953,10.0,17.320508075688775,8.338252385590398,0.7035344746116658,True,41
SGC2025xphxxh,2,7,-36.31574630737305,-26.207199096679688,140.0,-36.31574630737305,-26.207199096679688,150.0,6.764577801862382,-73.32867832575951,-0.8431096909731401,0.2352728211077506,0.221458102267849,0.0,10.0,10.0,8.31672526535692,0.44354509142659576,True,41
SGC2024pxjgkb,2,7,-46.31574630737305,-36.20719909667969,130.0,-56.31574630737305,-36.20719909667969,140.0,6.67474668436328,-73.5096897927841,-0.9399463257156172,0.3841108626264529,0.1820248695779655,10.0,10.0,14.142135623730953,8.351675542897379,0.8656499062526813,True,38
SGC2023vxejxg,2,7,-66.31575012207031,53.79280090332031,100.0,-66.31575012207031,53.79280090332031,100.0,7.483226741855195,-73.60019556082159,-0.0516595084668374,0.1953757519325543,0.1953757519325543,0.0,0.0,0.0,8.7835209940536,-3.307657268692237,True,37
SGC2022jqkomn,2,7,-36.31574630737305,-16.207199096679688,120.0,-36.31574630737305,-16.207199096679688,130.0,6.854408919361483,-73.32867832575951,-1.0033493353090286,0.3131624338665445,0.1354721466211688,0.0,10.0,10.0,6.633803203160969,-0.2192834331015678,True,37
SGC2025tmwskm,2,7,-56.31574630737305,33.79280090332031,110.0,-56.31574630737305,33.79280090332031,110.0,7.303564506856992,-73.5096897927841,0.1510341840535538,0.1237567744018005,0.1237567744018005,0.0,0.0,0.0,9.22234744019127,1.523111298745696,True,36
SGC2023vqaqcz,2,7,-26.315746307373047,33.79280090332031,120.0,-36.31574630737305,43.79280090332031,110.0,7.393395624356093,-73.32867832575951,0.4423267267682114,0.356407378334051,0.2537687511806969,14.142135623730953,-10.0,17.320508075688775,8.926668572038613,1.707551883845331,True,36
SGC2025vdwwrs,2,7,-66.31575012207031,73.79280090332031,100.0,-66.31575012207031,63.79280090332031,90.0,7.573057859354296,-73.60019556082159,1.2618252391740334,0.2424365575277458,0.1822905211689595,10.0,-10.0,14.142135623730953,8.398062366730143,-4.672694557985977,True,35
SGC2026bozpsq,2,7,-56.31574630737305,43.79280090332031,110.0,-56.31574630737305,43.79280090332031,100.0,7.393395624356093,-73.5096897927841,0.8615361811662332,0.5023741353929271,0.4007942057558161,0.0,-10.0,10.0,9.03765465241794,-0.5100572161892009,True,34
SGC2025yuaeko,2,7,-56.31574630737305,-76.20719909667969,120.0,-66.31575012207031,-76.20719909667969,130.0,6.315422214366873,-73.60019556082159,-0.645679146176807,0.5596117245003366,0.4465662520219607,10.000003814697266,10.0,14.142138321129512,9.04914101898629,-0.38361092048201495,True,33
SGC2025zlmjrr,2,7,-86.31575012207031,53.79280090332031,90.0,-86.31575012207031,43.79280090332031,100.0,7.393395624356093,-73.78120702784618,-0.0853164860620019,0.5481253612207087,0.3046983856115149,10.0,10.0,14.142135623730953,9.134475842719153,0.5557873036333195,True,32
SGC2023yvmywq,2,7,-36.31574630737305,53.79280090332031,120.0,-36.31574630737305,43.79280090332031,120.0,7.393395624356093,-73.32867832575951,0.5171781522906258,0.2494364037030632,0.2490445814956238,10.0,0.0,10.0,9.020765668046979,-0.6959775852856326,True,31
SGC2022ivxqti,2,7,-56.31574630737305,-66.20719909667969,130.0,-56.31574630737305,-66.20719909667969,130.0,6.405253331865975,-73.5096897927841,0.2209913488992505,0.3686351723004231,0.3686351723004231,0.0,0.0,0.0,9.267408007487543,2.019155176779129,True,30
SGC2023tagwzz,2,7,-66.31575012207031,-76.20719909667969,120.0,-66.31575012207031,-76.20719909667969,120.0,6.315422214366873,-73.60019556082159,-0.0280363134254031,0.1544157357927092,0.1544157357927092,0.0,0.0,0.0,9.267132710671962,2.0161246046357992,True,28
SGC2024ujupvr,2,7,-96.31575012207033,23.792800903320312,90.0,-86.31575012207031,13.792799949645996,90.0,7.123902263291825,-73.78120702784618,1.173069122247021,0.6536379667734642,0.5785488157576857,14.142136298080542,0.0,14.142136298080542,8.922393368466123,1.2790428038626838,True,28
SGC2024lywexf,2,7,-56.31574630737305,-66.20719909667969,130.0,-66.31575012207031,-66.20719909667969,140.0,6.405253331865975,-73.60019556082159,-0.8413678663249833,0.4689987590374447,0.3235633552858994,10.000003814697266,10.0,14.142138321129512,8.319484863584005,0.47687357350487575,True,25
SGC2023qzbzzb,2,7,-26.315746307373047,43.79280090332031,140.0,-36.31574630737305,43.79280090332031,130.0,7.393395624356093,-73.32867832575951,0.8438722748372491,0.4114027310480731,0.3049747356327517,10.0,-10.0,14.142135623730953,8.962612214211017,-1.3361529424257614,True,24
SGC2022yuxpbl,2,7,-56.31574630737305,73.79280090332031,100.0,-56.31574630737305,63.79280090332031,100.0,7.573057859354296,-73.5096897927841,0.6839352912832517,0.3408187218594403,0.1634409926602744,10.0,0.0,10.0,8.964183193970475,-1.3188589992077344,True,22
SGC2025oqmbrb,2,7,-76.31575012207031,43.79280090332031,100.0,-76.31575012207031,33.79280090332031,100.0,7.303564506856992,-73.69070129433389,0.2610644683283887,0.5988739810297026,0.1766639700976086,10.0,0.0,10.0,9.043804713029242,-0.44235500783232845,True,21
SGC2024skxrgi,2,7,-56.31574630737305,33.79280090332031,120.0,-56.31574630737305,33.79280090332031,130.0,7.303564506856992,-73.5096897927841,-0.8519569028267497,0.3796667874548889,0.3678299547500194,0.0,10.0,10.0,8.776554038383829,-0.002804179785975474,True,20
SGC2024pkqolm,2,7,-36.31574630737305,-26.207199096679688,140.0,-46.31574630737305,-16.207199096679688,150.0,6.854408919361483,-73.41918405927181,-0.5174807207672849,0.2883899867253416,0.1566400408893492,14.142135623730953,10.0,17.320508075688775,8.279999732971191,0.0,True,20
SGC2022isghxb,2,7,-46.31574630737305,-76.20719909667969,110.0,-56.31574630737305,-76.20719909667969,100.0,6.315422214366873,-73.5096897927841,0.5169808717859645,0.8183288919674281,0.6527557248080268,10.0,-10.0,14.142135623730953,8.094822480792134,0.787171700906719,True,20
SGC2022rstsws,2,7,-26.315746307373047,23.792800903320312,130.0,-26.315746307373047,23.792800903320312,130.0,7.21373338935789,-73.23817259224722,0.0037130067216679,0.2695087959818988,0.2695087959818988,0.0,0.0,0.0,8.999340037201359,-0.93183908574333,True,20
SGC2025ycdrkg,2,6,-96.31575012207033,-46.20719909667969,100.0,-96.31575012207033,-46.20719909667969,90.0,6.584915566864178,-73.87171276135847,0.7746227194775566,0.1370249616022463,0.1368696806544169,0.0,-10.0,10.0,8.460120605070063,-3.9682648475257176,True,297
SGC2025eqcvse,2,6,-66.31575012207031,-56.20719909667969,120.0,-66.31575012207031,-46.20719909667969,110.0,6.584915566864178,-73.60019556082159,1.499888392094027,0.2812315154124689,0.1781163166442322,10.0,-10.0,14.142135623730953,12.307339955821446,-2.5376463352397445,True,239
SGC2023tkzqox,2,6,-86.31575012207031,-46.20719909667969,100.0,-86.31575012207031,-46.20719909667969,110.0,6.584915566864178,-73.78120702784618,-0.6437321522736399,0.3268140908156066,0.1798296738923656,0.0,10.0,10.0,8.743788735916274,-3.74504509117299,True,191
SGC2024sbcoot,2,6,-66.31575012207031,-36.20719909667969,120.0,-66.31575012207031,-46.20719909667969,120.0,6.584915566864178,-73.60019556082159,0.043555861325867,0.822858493896195,0.7823177176584595,10.0,0.0,10.0,9.115103498215408,0.3425291608528536,True,177
SGC2023pvpgco,2,6,-56.31574630737305,-46.20719909667969,120.0,-56.31574630737305,-46.20719909667969,120.0,6.584915566864178,-73.5096897927841,0.1056597507083214,0.1958283738956786,0.1958283738956786,0.0,0.0,0.0,9.050654387282263,-0.3669511861850363,True,170
SGC2023vdayrr,2,6,-46.31574630737305,-16.207199096679688,120.0,-46.31574630737305,-16.207199096679688,130.0,6.854408919361483,-73.41918405927181,-0.9326609909884632,0.2181398905256272,0.1819254046048892,0.0,10.0,10.0,9.148131090288368,0.706109467027391,True,157
SGC2025ecjjfr,2,6,-66.31575012207031,-56.20719909667969,110.0,-66.31575012207031,-46.20719909667969,100.0,6.584915566864178,-73.60019556082159,1.27807093813301,0.2665323758735992,0.1091401247758659,10.0,-10.0,14.142135623730953,11.358043568211874,-1.721698279619815,True,156
SGC2025wtjawk,2,6,-56.31574630737305,-36.20719909667969,120.0,-56.31574630737305,-36.20719909667969,130.0,6.67474668436328,-73.5096897927841,-0.8162120878519659,0.3128418464696995,0.3101392094270303,0.0,10.0,10.0,9.253246072422533,1.8632552045502804,True,143
SGC2023vfdfoj,2,6,-46.31574630737305,-26.207199096679688,120.0,-46.31574630737305,-26.207199096679688,130.0,6.764577801862382,-73.41918405927181,-0.7993595870618151,0.1734507259337931,0.14227881678043,0.0,10.0,10.0,8.997570188478335,-0.9513222542158635,True,115
SGC2023ugtcot,2,6,-66.31575012207031,-6.207200050354004,110.0,-66.31575012207031,-6.207200050354004,120.0,6.944240028293622,-73.60019556082159,-0.6394082355383457,0.3203127457426397,0.1938732540518171,0.0,10.0,10.0,9.038795907191181,-0.4974938492031495,True,99
SGC2023qpxusz,2,6,-56.31574630737305,-46.20719909667969,120.0,-66.31575012207031,-36.20719909667969,110.0,6.67474668436328,-73.60019556082159,0.934272198228129,0.6446916063705768,0.2661233848427358,14.142138321129512,-10.0,17.320510278105544,7.944767542910266,0.7375873525895078,True,97
SGC2023vjxlfm,2,6,-76.31575012207031,-66.20719909667969,120.0,-76.31575012207031,-66.20719909667969,110.0,6.405253331865975,-73.69070129433389,0.8656012824162218,0.2970858215571754,0.2677044541716314,0.0,-10.0,10.0,9.994054662220062,1.865008310119387,True,88
SGC2024blcbyz,2,6,-56.31574630737305,-36.20719909667969,120.0,-56.31574630737305,-26.207199096679688,110.0,6.764577801862382,-73.5096897927841,1.5728104363034865,0.2566120320718666,0.1940650348390602,10.0,-10.0,14.142135623730953,11.591941955037967,-0.1777906099602238,True,86
SGC2023wnnjys,2,6,-66.31575012207031,-26.207199096679688,120.0,-66.31575012207031,-26.207199096679688,130.0,6.764577801862382,-73.60019556082159,-0.9148424438000556,0.3938186779694259,0.3699523334188142,0.0,10.0,10.0,8.780756870091235,0.045081514691250754,True,74
SGC2023sxnsic,2,6,-76.31575012207031,-16.207199096679688,110.0,-76.31575012207031,-16.207199096679688,120.0,6.854408919361483,-73.69070129433389,-0.7812554637330447,0.2400197156213354,0.1060169676127247,0.0,10.0,10.0,8.675327116366962,-1.156150732308562,True,67
SGC2025cjjmvs,2,6,-36.31574630737305,-6.207200050354004,120.0,-36.31574630737305,-6.207200050354004,130.0,6.944240028293622,-73.32867832575951,-0.8059602089348648,0.4582528419394216,0.4492501839633378,0.0,10.0,10.0,9.148411221065004,0.7091932532541665,True,64
SGC2025qggnkx,2,6,-56.31574630737305,-36.20719909667969,110.0,-56.31574630737305,-36.20719909667969,110.0,6.67474668436328,-73.5096897927841,0.0773982025334767,0.2004841307530378,0.2004841307530378,0.0,0.0,0.0,7.867214525831012,2.047397416354766,True,63
SGC2025ugwodk,2,6,-46.31574630737305,-6.207200050354004,120.0,-46.31574630737305,-6.207200050354004,130.0,6.944240028293622,-73.41918405927181,-0.8350205612561385,0.2979066627179954,0.2484642019799507,0.0,10.0,10.0,9.32838646373807,2.690429235894344,True,57
SGC2025kuyfzb,2,6,-56.31574630737305,-36.20719909667969,110.0,-56.31574630737305,-26.207199096679688,100.0,6.764577801862382,-73.5096897927841,1.3411015243146496,0.2199926571190441,0.2154528181484933,10.0,-10.0,14.142135623730953,7.979799525019386,0.7982495289497464,True,53
SGC2026dxmcmm,2,6,-16.315746307373047,-26.207199096679688,160.0,-26.315746307373047,-16.207199096679688,150.0,6.854408919361483,-73.23817259224722,1.3153783883168142,0.282315342294584,0.2441597685229082,14.142135623730953,-10.0,17.320508075688775,9.314340825713641,2.5358095057590804,True,49
SGC2025srjpur,2,6,-36.31574630737305,-6.207200050354004,120.0,-36.31574630737305,-6.207200050354004,120.0,6.944240028293622,-73.32867832575951,0.1974556188282186,0.1130606706715788,0.1130606706715788,0.0,0.0,0.0,9.158783050857664,0.8233703038631033,True,47
SGC2025ltcser,2,6,-46.31574630737305,-16.207199096679688,100.0,-56.31574630737305,-16.207199096679688,110.0,6.854408919361483,-73.5096897927841,-0.6452653332630156,0.3284308365141904,0.2830881329502556,10.0,10.0,14.142135623730953,10.062502293067155,-1.2568145363491445,True,44
SGC2026depcms,2,6,-46.31574630737305,-26.207199096679688,120.0,-56.31574630737305,-16.207199096679688,130.0,6.854408919361483,-73.5096897927841,-0.4777329534301877,0.3583743873822994,0.1940147231169368,14.142135623730953,10.0,17.320508075688775,9.148336387757396,0.7083694597171784,True,43
SGC2023wjamwd,2,6,-86.31575012207031,53.79280090332031,90.0,-86.31575012207031,43.79280090332031,90.0,7.393395624356093,-73.78120702784618,0.6690174020755748,0.2986599240201125,0.1954759635630703,10.0,0.0,10.0,8.569529679940748,-2.726350719852139,True,43
SGC2026evkhtz,2,6,-46.31574630737305,13.792799949645996,110.0,-46.31574630737305,13.792799949645996,100.0,7.123902263291825,-73.41918405927181,0.8564752769388502,0.1784584616470856,0.1529389761885301,0.0,-10.0,10.0,8.051847671987126,0.25210012347292654,True,40
SGC2025txuhau,2,6,-56.31574630737305,33.79280090332031,100.0,-56.31574630737305,33.79280090332031,100.0,7.303564506856992,-73.5096897927841,0.0790457638051798,0.1709976337731535,0.1709976337731535,0.0,0.0,0.0,9.103780729265374,0.21788381000490747,True,39
SGC2025yefnql,2,6,-46.31574630737305,-26.207199096679688,130.0,-46.31574630737305,-26.207199096679688,140.0,6.764577801862382,-73.41918405927181,-0.838971297873421,0.2485821063640033,0.2347031679106077,0.0,10.0,10.0,9.085933116700211,0.021410496825076557,True,37
SGC2025pnuoxj,2,6,-66.31575012207031,23.792800903320312,100.0,-66.31575012207031,23.792800903320312,90.0,7.21373338935789,-73.60019556082159,0.7873049259302141,0.1674364093244638,0.1201874420533303,0.0,-10.0,10.0,7.713960150143906,-0.9646755865646919,True,36
SGC2023uedali,2,6,-46.31574630737305,13.792799949645996,120.0,-46.31574630737305,13.792799949645996,120.0,7.123902263291825,-73.41918405927181,0.079867389661274,0.1760920721608484,0.1760920721608484,0.0,0.0,0.0,9.232030249002909,1.6297033441054811,True,35
SGC2023xgvvku,2,6,-36.31574630737305,63.79280090332031,130.0,-36.31574630737305,53.79280090332031,120.0,7.483226741855195,-73.32867832575951,1.438275379163958,0.2327724177741216,0.1319883133072571,10.0,-10.0,14.142135623730953,9.108974355627577,0.2750572260612344,True,35
SGC2025bvkeds,2,6,-56.31574630737305,-6.207200050354004,140.0,-56.31574630737305,3.792799949645996,130.0,7.034071145792724,-73.5096897927841,1.1744383315831095,0.3079525613868468,0.2665758719256826,10.0,-10.0,14.142135623730953,9.186883176279593,1.132707181401091,True,35
SGC2023xrivks,2,6,-56.31574630737305,73.79280090332031,100.0,-56.31574630737305,73.79280090332031,100.0,7.662888976853399,-73.5096897927841,0.0556200456106612,0.1747199970619981,0.1747199970619981,0.0,0.0,0.0,9.230269015521644,1.6103150154938015,True,34
SGC2024noirjg,2,6,-16.315746307373047,-16.207199096679688,150.0,-16.315746307373047,-16.207199096679688,150.0,6.854408919361483,-73.14766685873492,-0.0087248638445274,0.2107163526233504,0.2107163526233504,0.0,0.0,0.0,9.05452337765457,-0.324359867355543,True,33
SGC2023kgdaki,2,6,-66.31575012207031,43.79280090332031,100.0,-66.31575012207031,43.79280090332031,110.0,7.393395624356093,-73.60019556082159,-0.592896988398337,0.2193352095797442,0.2159207209800876,0.0,10.0,10.0,9.134042306150665,0.5510147680527455,True,28
SGC2023ymlbqd,2,6,-66.31575012207031,-66.20719909667969,100.0,-66.31575012207031,-66.20719909667969,100.0,6.405253331865975,-73.60019556082159,0.0039888225657112,0.1961251978866224,0.1961251978866224,0.0,0.0,0.0,8.244786676575472,-0.8170542435728517,True,27
SGC2026dksnpf,2,6,-76.31575012207031,-76.20719909667969,110.0,-76.31575012207031,-76.20719909667969,110.0,6.315422214366873,-73.69070129433389,0.0380430923139041,0.1502119186217263,0.1502119186217263,0.0,0.0,0.0,8.99465958924232,-0.9833632385856642,True,27
SGC2024bsnnzy,2,6,-36.31574630737305,-26.207199096679688,120.0,-36.31574630737305,-26.207199096679688,130.0,6.764577801862382,-73.32867832575951,-1.1618034482462658,0.4193223104852663,0.362294157530274,0.0,10.0,10.0,6.853360552714463,-0.019414496274688334,True,27
SGC2024swgung,2,6,-56.31574630737305,63.79280090332031,120.0,-56.31574630737305,53.79280090332031,130.0,7.483226741855195,-73.5096897927841,-0.0281920082451385,1.10682922506814,1.043393288243419,10.0,10.0,14.142135623730953,8.805184150260928,0.3233979823847405,True,25
SGC2023xuport,2,6,-46.31574630737305,23.792800903320312,130.0,-46.31574630737305,23.792800903320312,130.0,7.21373338935789,-73.41918405927181,0.0411944488540072,0.171051205252422,0.171051205252422,0.0,0.0,0.0,9.147126567544397,0.695051298269421,True,25
SGC2023jrgeuv,2,6,-46.31574630737305,13.792799949645996,120.0,-56.31574630737305,23.792800903320312,120.0,7.21373338935789,-73.5096897927841,-0.2670016299191413,0.334625287052581,0.1982448569862877,14.142136298080542,0.0,14.142136298080542,9.210143480443328,1.3887654641509044,True,24
SGC2025zrmarc,2,6,-66.31575012207031,-66.20719909667969,120.0,-66.31575012207031,-66.20719909667969,110.0,6.405253331865975,-73.60019556082159,0.7096873639917449,0.4580778921450212,0.4562162520491749,0.0,-10.0,10.0,9.384233876993703,-0.1529732725813682,True,21
SGC2025zsgmbu,2,6,-66.31575012207031,73.79280090332031,90.0,-66.31575012207031,73.79280090332031,100.0,7.662888976853399,-73.60019556082159,-0.5623994392167813,0.3064710780571738,0.3056497112258819,0.0,10.0,10.0,9.044121151825737,-0.43887152910155575,True,21
SGC2024cqmvow,2,6,-16.315746307373047,-16.207199096679688,160.0,-26.315746307373047,-16.207199096679688,170.0,6.854408919361483,-73.23817259224722,-0.7719883306918653,0.424479277856628,0.3397004884030347,10.0,10.0,14.142135623730953,8.44763312512297,2.0245579415209063,True,21
SGC2025impxxu,2,6,-46.31574630737305,63.79280090332031,130.0,-46.31574630737305,53.79280090332031,120.0,7.483226741855195,-73.41918405927181,1.3427999946176676,0.3325847269005991,0.2542379727562431,10.0,-10.0,14.142135623730953,9.07134079839454,-0.13922729795123426,True,21
SGC2025dpitar,2,6,-96.31575012207033,-26.207199096679688,90.0,-106.31575012207033,-26.207199096679688,100.0,6.764577801862382,-73.96221849487077,-1.1642676260517124,0.2396355431423573,0.1887781620326194,10.0,10.0,14.142135623730953,8.808954865323365,0.3663602806662408,True,20
SGC2025kbifxx,2,6,-76.31575012207031,73.79280090332031,100.0,-76.31575012207031,63.79280090332031,100.0,7.573057859354296,-73.69070129433389,0.75093457405658,0.3995458972187039,0.2675753371466369,10.0,0.0,10.0,8.929007930522939,-1.7060816894290949,True,20
SGC2023awsjjn,2,5,-86.31575012207031,-46.20719909667969,100.0,-86.31575012207031,-46.20719909667969,100.0,6.584915566864178,-73.78120702784618,0.120921348461545,0.1873111079559256,0.1873111079559256,0.0,0.0,0.0,9.077381265862735,-0.07273153263259036,True,300
SGC2025ooxkee,2,5,-56.31574630737305,-26.207199096679688,120.0,-56.31574630737305,-26.207199096679688,120.0,6.764577801862382,-73.5096897927841,0.0199434320598363,0.1041850900024037,0.1041850900024037,0.0,0.0,0.0,9.139738684434478,0.6137226686450664,True,188
SGC2024syefqh,2,5,-66.31575012207031,-26.207199096679688,110.0,-66.31575012207031,-26.207199096679688,120.0,6.764577801862382,-73.60019556082159,-0.6076919856358547,0.3179373137529601,0.1988527267862524,0.0,10.0,10.0,9.059650978257284,-0.26791328799374187,True,175
SGC2023zsiaqk,2,5,-56.31574630737305,-36.20719909667969,100.0,-66.31575012207031,-26.207199096679688,110.0,6.764577801862382,-73.60019556082159,-0.2868580704301706,0.2724073812634712,0.1588383397200644,14.142138321129512,10.0,17.320510278105544,9.058913475951863,-0.27603199411731094,True,174
SGC2025toelnt,2,5,-76.31575012207031,3.792799949645996,100.0,-76.31575012207031,-6.207200050354004,110.0,6.944240028293622,-73.69070129433389,-0.6200168677586397,0.5058945758126049,0.235883385442818,10.0,10.0,14.142135623730953,9.09442710034732,0.11491550222283639,True,134
SGC2024udzxmk,2,5,-76.31575012207031,-46.20719909667969,110.0,-76.31575012207031,-46.20719909667969,120.0,6.584915566864178,-73.69070129433389,-0.6416776303237519,0.2855659274930419,0.2537725117660421,0.0,10.0,10.0,9.136908686308594,0.5825689719780668,True,131
SGC2024thrllj,2,5,-36.31574630737305,-46.20719909667969,120.0,-46.31574630737305,-36.20719909667969,120.0,6.67474668436328,-73.41918405927181,1.0817746764318803,0.5727499478077015,0.3334888023662,14.142135623730953,0.0,14.142135623730953,9.172639373035647,0.9759059730936946,True,128
SGC2026bbtqub,2,5,-76.31575012207031,-76.20719909667969,100.0,-86.31575012207031,-66.20719909667969,110.0,6.405253331865975,-73.78120702784618,-0.1759365155084218,0.3835867488056745,0.2892310740123868,14.142135623730953,10.0,17.320508075688775,9.269037560794159,2.0370939199014964,True,124
SGC2024oebzla,2,5,-86.31575012207031,-46.20719909667969,110.0,-86.31575012207031,-36.20719909667969,100.0,6.67474668436328,-73.78120702784618,1.1825611215518776,0.5574686798498555,0.4747854583527943,10.0,-10.0,14.142135623730953,8.971643749434207,-1.236730364648374,True,122
SGC2024uypmcs,2,5,-76.31575012207031,-36.20719909667969,100.0,-76.31575012207031,-36.20719909667969,100.0,6.67474668436328,-73.69070129433389,0.0473704024854413,0.032084987360893,0.032084987360893,0.0,0.0,0.0,7.363385511756709,1.370895607072119,True,110
SGC2025ldcnfw,2,5,-66.31575012207031,-26.207199096679688,100.0,-66.31575012207031,-26.207199096679688,100.0,6.764577801862382,-73.60019556082159,-0.0988931342679357,0.1288561609040253,0.1288561609040253,0.0,0.0,0.0,9.846867605080165,1.352794747191462,True,108
SGC2024ovqjjy,2,5,-86.31575012207031,-36.20719909667969,100.0,-86.31575012207031,-26.207199096679688,90.0,6.764577801862382,-73.78120702784618,0.8136215639564028,1.3850209110394156,1.1082722844894484,10.0,-10.0,14.142135623730953,6.904754155654213,0.8316460536282835,True,105
SGC2024putmth,2,5,-56.31574630737305,-46.20719909667969,100.0,-56.31574630737305,-46.20719909667969,110.0,6.584915566864178,-73.5096897927841,-0.4499788330921301,0.3831321029068099,0.3492568847281631,0.0,10.0,10.0,10.784066782973465,4.272517233209527,True,99
SGC2025uwhqgz,2,5,-76.31575012207031,-56.20719909667969,110.0,-76.31575012207031,-66.20719909667969,120.0,6.405253331865975,-73.69070129433389,-0.9658081904858768,0.2515915024520623,0.2311521734576547,10.0,10.0,14.142135623730953,9.060959206795419,-0.25351181024173636,True,94
SGC2024pvdxju,2,5,-96.31575012207033,-6.207200050354004,80.0,-86.31575012207031,-16.207199096679688,90.0,6.854408919361483,-73.78120702784618,-0.778636556697041,1.66793278588867,1.4924114843541478,14.14213494938139,10.0,17.32050752508467,8.423171351136991,-0.48818195123842506,True,84
SGC2023akgcos,2,5,-86.31575012207031,-26.207199096679688,90.0,-86.31575012207031,-26.207199096679688,80.0,6.764577801862382,-73.78120702784618,0.9605691105463166,0.3356546204135223,0.3260724527286103,0.0,-10.0,10.0,7.6533593522884305,-1.2112850277743281,True,79
SGC2025twyqsf,2,5,-76.31575012207031,-36.20719909667969,110.0,-76.31575012207031,-36.20719909667969,110.0,6.67474668436328,-73.69070129433389,0.0475110141087498,0.1662228409679585,0.1662228409679585,0.0,0.0,0.0,9.287252128854028,2.237606818856254,True,78
SGC2024absgdd,2,5,-46.31574630737305,-36.20719909667969,120.0,-46.31574630737305,-36.20719909667969,130.0,6.67474668436328,-73.41918405927181,-0.747725041612405,0.279636097478568,0.2603381496977827,0.0,10.0,10.0,9.351581723847115,2.945771488929768,True,76
SGC2023tmuvoa,2,5,-76.31575012207031,-66.20719909667969,90.0,-86.31575012207031,-56.20719909667969,80.0,6.495084449365076,-73.78120702784618,1.3706207311164498,0.9435181216452307,0.605931134591045,14.142135623730953,-10.0,17.320508075688775,8.892904262727551,2.222132966013819,True,76
SGC2022wwfiss,2,5,-46.31574630737305,-26.207199096679688,120.0,-46.31574630737305,-26.207199096679688,120.0,6.764577801862382,-73.41918405927181,-0.0455118105967287,0.1221974941418512,0.1221974941418512,0.0,0.0,0.0,7.34439232914914,1.4204123011700138,True,68
SGC2024cxmvsk,2,5,-76.31575012207031,-36.20719909667969,90.0,-76.31575012207031,-36.20719909667969,90.0,6.67474668436328,-73.69070129433389,-0.0963731890957504,0.3126232073963703,0.3126232073963703,0.0,0.0,0.0,6.450911756061365,1.3294920758658266,True,67
SGC2025ttfsqr,2,5,-66.31575012207031,-56.20719909667969,120.0,-66.31575012207031,-56.20719909667969,130.0,6.495084449365076,-73.60019556082159,-0.9235463558822694,0.1108150845117528,0.0910138644051681,0.0,10.0,10.0,8.77701622128823,0.0024617815690247892,True,65
SGC2023xzawrz,2,5,-66.31575012207031,-26.207199096679688,110.0,-76.31575012207031,-26.207199096679688,110.0,6.764577801862382,-73.69070129433389,-0.0128036947833507,0.4966128753181804,0.227957765122632,10.0,0.0,10.0,9.06557339282536,-0.20271709393887902,True,60
SGC2022wzzmkc,2,5,-66.31575012207031,-46.20719909667969,100.0,-66.31575012207031,-46.20719909667969,90.0,6.584915566864178,-73.60019556082159,0.4646026420651594,0.503782125053443,0.3936152166560445,0.0,-10.0,10.0,7.69179080094532,-2.788708805385257,True,59
SGC2025uhmjor,2,5,-86.31575012207031,-6.207200050354004,100.0,-86.31575012207031,-6.207200050354004,110.0,6.944240028293622,-73.78120702784618,-0.7539160125709827,0.3611854774162886,0.2313198571120111,0.0,10.0,10.0,9.02984840823576,-0.5959913237547989,True,57
SGC2024oxujcg,2,5,-26.315746307373047,-6.207200050354004,140.0,-26.315746307373047,-6.207200050354004,140.0,6.944240028293622,-73.23817259224722,-0.0511857788399332,0.2070023066581363,0.2070023066581363,0.0,0.0,0.0,9.230021949383907,1.6075952173987627,True,57
SGC2024qzedus,2,5,-86.31575012207031,-56.20719909667969,90.0,-86.31575012207031,-56.20719909667969,90.0,6.495084449365076,-73.78120702784618,0.0625978432730658,0.2149377441043786,0.2149377441043786,0.0,0.0,0.0,9.203932839778838,-2.5856579537463515,True,54
SGC2022wvkzqi,2,5,-56.31574630737305,-66.20719909667969,120.0,-66.31575012207031,-56.20719909667969,110.0,6.495084449365076,-73.60019556082159,1.548806818887467,0.4803705658076883,0.1704679083537446,14.142138321129512,-10.0,17.320510278105544,10.116128419720066,0.6158483989194273,True,52
SGC2024gkucty,2,5,-76.31575012207031,-46.20719909667969,110.0,-86.31575012207031,-46.20719909667969,120.0,6.584915566864178,-73.78120702784618,-1.272902723549823,0.351032344556695,0.3386774877646341,10.0,10.0,14.142135623730953,8.75516416628956,-0.24651340997191826,True,50
SGC2024ndoodz,2,5,-26.315746307373047,-6.207200050354004,110.0,-26.315746307373047,-6.207200050354004,110.0,6.944240028293622,-73.23817259224722,-0.0627886133870205,0.17203535707023,0.17203535707023,0.0,0.0,0.0,8.068238382084527,0.45617789254154006,True,49
SGC2026ajvwzf,2,5,-56.31574630737305,-26.207199096679688,120.0,-66.31575012207031,-16.207199096679688,120.0,6.854408919361483,-73.60019556082159,-0.1374115853368422,0.3772163961693074,0.2416527334063747,14.142138321129512,0.0,14.142138321129512,9.022279535666724,-0.679312354242478,True,48
SGC2024vljyjt,2,5,-76.31575012207031,-56.20719909667969,100.0,-76.31575012207031,-56.20719909667969,100.0,6.495084449365076,-73.69070129433389,0.1764793647435176,0.1727485808559467,0.1727485808559467,0.0,0.0,0.0,8.533566619649488,-1.1253636122835204,True,45
SGC2025bbjrpd,2,5,-46.31574630737305,-6.207200050354004,110.0,-46.31574630737305,-6.207200050354004,110.0,6.944240028293622,-73.41918405927181,0.1634903607047313,0.1016418909260792,0.1016418909260792,0.0,0.0,0.0,9.91443758382344,-0.950982851248841,True,43
SGC2025czxsgi,2,5,-46.31574630737305,43.79280090332031,130.0,-46.31574630737305,33.79280090332031,120.0,7.303564506856992,-73.41918405927181,1.0749115874378958,0.4998808089567108,0.2528596117538454,10.0,-10.0,14.142135623730953,9.10419847700091,0.22248253610199842,True,43
SGC2024ziqmow,2,5,-56.31574630737305,-36.20719909667969,100.0,-56.31574630737305,-26.207199096679688,90.0,6.764577801862382,-73.5096897927841,1.2960622589513378,0.2903705329146562,0.1501911884890299,10.0,-10.0,14.142135623730953,6.515085595679425,-1.0055278522811948,True,41
SGC2023bvylye,2,5,-86.31575012207031,-46.20719909667969,80.0,-86.31575012207031,-36.20719909667969,70.0,6.67474668436328,-73.78120702784618,1.045521914771232,0.6870114378031954,0.4393696998010906,10.0,-10.0,14.142135623730953,11.987782541141701,2.1923189383168844,True,38
SGC2022yauabz,2,5,-36.31574630737305,-26.207199096679688,120.0,-36.31574630737305,-26.207199096679688,120.0,6.764577801862382,-73.32867832575951,-0.0349931599387538,0.2033160263804224,0.2033160263804224,0.0,0.0,0.0,8.555702180312121,1.6300868928620655,True,38
SGC2024oggjcr,2,5,-76.31575012207031,33.79280090332031,60.0,-76.31575012207031,23.792800903320312,70.0,7.21373338935789,-73.69070129433389,-0.1656313577298469,0.4457176719170877,0.3031609384910855,10.0,10.0,14.142135623730953,7.804679138870505,0.2000159990963812,True,37
SGC2023ypnccm,2,5,-66.31575012207031,-56.20719909667969,110.0,-66.31575012207031,-56.20719909667969,100.0,6.495084449365076,-73.60019556082159,0.6991465881606622,0.1833593779306526,0.1775065181916323,0.0,-10.0,10.0,9.425494406278096,-1.0862616463058477,True,37
SGC2026egwytg,2,5,-16.315746307373047,-16.207199096679688,150.0,-26.315746307373047,-16.207199096679688,140.0,6.854408919361483,-73.23817259224722,1.370261091338051,0.2660019537863581,0.2360616784648432,10.0,-10.0,14.142135623730953,8.937192997416153,0.21732771003095017,True,37
SGC2025plpjyc,2,5,-46.31574630737305,-36.20719909667969,100.0,-56.31574630737305,-36.20719909667969,90.0,6.67474668436328,-73.5096897927841,0.901959079898127,0.8004512344558338,0.7144328361817015,10.0,-10.0,14.142135623730953,7.469874753581668,-3.203702484103836,True,36
SGC2025ftidkq,2,5,-46.31574630737305,-16.207199096679688,100.0,-46.31574630737305,-16.207199096679688,90.0,6.854408919361483,-73.41918405927181,0.94197420561542,0.4638573517350229,0.4196432007588239,0.0,-10.0,10.0,7.912988179162837,1.5905366569012915,True,34
SGC2025qmgyvg,2,5,-56.31574630737305,3.792799949645996,120.0,-56.31574630737305,3.792799949645996,110.0,7.034071145792724,-73.5096897927841,0.8570536930627917,0.1713650761612185,0.1492237532145764,0.0,-10.0,10.0,9.14893883195552,0.7150013947829631,True,34
SGC2023vxqrtd,2,5,-56.31574630737305,3.792799949645996,120.0,-66.31575012207031,13.792799949645996,110.0,7.123902263291825,-73.60019556082159,0.7024689480348556,0.3257167354638067,0.2060368035274954,14.142138321129512,-10.0,17.320510278105544,9.324765024484822,2.6505630540189076,True,32
SGC2023ibuwyb,2,5,-56.31574630737305,-6.207200050354004,120.0,-66.31575012207031,-6.207200050354004,130.0,6.944240028293622,-73.60019556082159,-1.0538729734726855,0.4545734742453248,0.272499154246519,10.000003814697266,10.0,14.142138321129512,8.759858973892895,-0.19302230250586214,True,31
SGC2023upqric,2,5,-46.31574630737305,53.79280090332031,110.0,-46.31574630737305,43.79280090332031,110.0,7.393395624356093,-73.41918405927181,0.696389595291798,0.2976605726284537,0.2698390545353085,10.0,0.0,10.0,9.228063617756899,1.5860371573692513,True,30
SGC2025vrhlri,2,5,-56.31574630737305,13.792799949645996,110.0,-56.31574630737305,13.792799949645996,120.0,7.123902263291825,-73.5096897927841,-0.7663249339098819,0.2540294801481244,0.2536979033862647,0.0,10.0,10.0,9.139247714946537,0.6083178896241247,True,28
SGC2026dlwhzl,2,5,-46.31574630737305,53.79280090332031,110.0,-46.31574630737305,43.79280090332031,120.0,7.393395624356093,-73.41918405927181,-0.1203513322032243,0.6094442513013901,0.3671062339106305,10.0,10.0,14.142135623730953,9.020928491040621,-0.6941851677896782,True,28
SGC2026dfnxfz,2,5,-76.31575012207031,-46.20719909667969,60.0,-76.31575012207031,-46.20719909667969,70.0,6.584915566864178,-73.69070129433389,-0.7767130973822614,0.1986179894400568,0.1370845082864132,0.0,10.0,10.0,8.029025639146738,-1.8816869523052424,True,28
SGC2024sogsrf,2,5,-36.31574630737305,-6.207200050354004,130.0,-36.31574630737305,-6.207200050354004,140.0,6.944240028293622,-73.32867832575951,-0.8637881904607845,0.3873225217769614,0.271954842053622,0.0,10.0,10.0,8.959285150150947,-1.372778530114693,True,28
SGC2023mpvgdo,2,5,-46.31574630737305,3.792799949645996,120.0,-46.31574630737305,3.792799949645996,130.0,7.034071145792724,-73.41918405927181,-0.7976146625892788,0.2540764340246716,0.2478659076778668,0.0,10.0,10.0,9.303072122615589,2.411759332391037,True,27
SGC2025nyojpb,2,5,-76.31575012207031,33.79280090332031,110.0,-76.31575012207031,33.79280090332031,110.0,7.303564506856992,-73.69070129433389,-0.0207812054485962,0.1331138526239573,0.1331138526239573,0.0,0.0,0.0,8.906091309321361,-1.9583565793014626,True,27
SGC2024mgluio,2,5,-96.31575012207033,43.79280090332031,80.0,-96.31575012207033,33.79280090332031,70.0,7.303564506856992,-73.87171276135847,1.088376466309903,1.1160531973461487,0.9204880004562634,10.0,-10.0,14.142135623730953,8.028006510962301,-0.4181791751907553,True,27
SGC2025uxqhko,2,5,-56.31574630737305,23.792800903320312,110.0,-56.31574630737305,23.792800903320312,110.0,7.21373338935789,-73.5096897927841,0.0421166396370598,0.1539919061300887,0.1539919061300887,0.0,0.0,0.0,9.09970496316894,0.17301622529077113,True,27
SGC2024dvthbo,2,5,-56.31574630737305,23.792800903320312,100.0,-56.31574630737305,23.792800903320312,90.0,7.21373338935789,-73.5096897927841,0.8057493088639127,0.1876761416365509,0.1365507343904881,0.0,-10.0,10.0,7.749705864932371,-0.5057558628998431,True,25
SGC2025mepgel,2,5,-16.315746307373047,-16.207199096679688,150.0,-26.315746307373047,-16.207199096679688,160.0,6.854408919361483,-73.23817259224722,-0.940626272227398,0.3517621317892532,0.2370132387315967,10.0,10.0,14.142135623730953,8.337146994924149,0.6901843453616986,True,25
SGC2025zfsqjt,2,5,-76.31575012207031,53.79280090332031,100.0,-76.31575012207031,43.79280090332031,110.0,7.393395624356093,-73.69070129433389,-0.4034714147162326,0.4470433285239514,0.3770596308759708,10.0,10.0,14.142135623730953,9.07461731606332,-0.10315814417916444,True,23
SGC2023wjpoym,2,5,-66.31575012207031,-36.20719909667969,100.0,-76.31575012207031,-26.207199096679688,90.0,6.764577801862382,-73.69070129433389,0.9399151741999424,0.6175801904844561,0.409566984002114,14.142135623730953,-10.0,17.320508075688775,6.313392925335605,-0.49295881420582577,True,23
SGC2025peqqvg,2,5,-56.31574630737305,-46.20719909667969,130.0,-66.31575012207031,-46.20719909667969,140.0,6.584915566864178,-73.60019556082159,-0.9466454029575466,0.2987419002139428,0.2614164145777803,10.000003814697266,10.0,14.142138321129512,8.33297236866202,0.6397661521641108,True,22
SGC2025vrvdwd,2,5,-76.31575012207031,-46.20719909667969,100.0,-86.31575012207031,-56.20719909667969,110.0,6.495084449365076,-73.78120702784618,-1.556501885099154,0.2235431492171146,0.2109779186108416,14.142135623730953,10.0,17.320508075688775,9.052622284732488,-0.3452878219321328,True,22
SGC2024vegrky,2,5,-56.31574630737305,-66.20719909667969,130.0,-66.31575012207031,-56.20719909667969,140.0,6.495084449365076,-73.60019556082159,-0.3685580496166132,0.3574966353008267,0.1968939496814133,14.142138321129512,10.0,17.320510278105544,8.345169864960427,0.7870789141420672,True,22
SGC2025vqocjw,2,5,-46.31574630737305,23.792800903320312,130.0,-46.31574630737305,23.792800903320312,120.0,7.21373338935789,-73.41918405927181,0.9940597352536784,0.0878411368337295,0.0861957911517538,0.0,-10.0,10.0,9.150350989568093,0.7305469633491319,True,21
SGC2024qznunr,2,5,-56.31574630737305,3.792799949645996,120.0,-66.31575012207031,13.792799949645996,120.0,7.123902263291825,-73.60019556082159,-0.29878950903176,0.3110535064835747,0.2464688967483198,14.142138321129512,0.0,14.142138321129512,9.151120359345583,0.7390164787362503,True,21
SGC2023woxqbz,2,5,-56.31574630737305,-56.20719909667969,110.0,-56.31574630737305,-66.20719909667969,110.0,6.405253331865975,-73.5096897927841,-0.562196569332631,0.2188092520405848,0.1565285263389125,10.0,0.0,10.0,9.234334446752417,0.35351691731058316,True,20
SGC2024oosjpv,2,5,-36.31574630737305,-36.20719909667969,130.0,-46.31574630737305,-36.20719909667969,140.0,6.67474668436328,-73.41918405927181,-0.5418488602773053,0.547175169884122,0.4121351154646396,10.0,10.0,14.142135623730953,9.098313143516956,0.15769454473682576,True,20
SGC2024cltarn,2,4,-96.31575012207033,-6.207200050354004,90.0,-86.31575012207031,-6.207200050354004,80.0,6.944240028293622,-73.78120702784618,1.6863591325311056,0.1085533658346118,0.1052680047594075,10.0,-10.0,14.142135623730953,8.694414333283275,-2.393637909978298,True,646
SGC2023qvlpaa,2,4,-76.31575012207031,-16.207199096679688,90.0,-76.31575012207031,-16.207199096679688,100.0,6.854408919361483,-73.69070129433389,-0.7167696959785257,0.2374598072628203,0.2121150039521857,0.0,10.0,10.0,7.953541896463543,0.12800193530741508,True,342
SGC2024twnndl,2,4,-76.31575012207031,-56.20719909667969,100.0,-86.31575012207031,-46.20719909667969,90.0,6.584915566864178,-73.78120702784618,0.7905399154706334,0.8540620047429499,0.4374818788377764,14.142135623730953,-10.0,17.320508075688775,7.490779578402801,0.01092053815299545,True,185
SGC2026daapkn,2,4,-46.31574630737305,-46.20719909667969,110.0,-46.31574630737305,-46.20719909667969,110.0,6.584915566864178,-73.41918405927181,0.1231492233198867,0.100649877047766,0.100649877047766,0.0,0.0,0.0,8.109850133421322,0.9742782877890704,True,154
SGC2023iahrzj,2,4,-106.31575012207033,-46.20719909667969,90.0,-106.31575012207033,-46.20719909667969,90.0,6.584915566864178,-73.96221849487077,-0.0816125065586126,0.2379036580248974,0.2379036580248974,0.0,0.0,0.0,8.619827738108054,-2.155412074165253,True,142
SGC2024ggmgzc,2,4,-46.31574630737305,-26.207199096679688,130.0,-46.31574630737305,-16.207199096679688,120.0,6.854408919361483,-73.41918405927181,1.5257467359682515,0.7012458869709265,0.4872100194187016,10.0,-10.0,14.142135623730953,10.702695603356403,0.6359366454960207,True,108
SGC2023ekgszq,2,4,-56.31574630737305,-6.207200050354004,110.0,-56.31574630737305,-6.207200050354004,120.0,6.944240028293622,-73.5096897927841,-0.560374399248337,0.2571065771107226,0.1870977745846401,0.0,10.0,10.0,9.153491054713736,0.7651139958030605,True,95
SGC2024luloqi,2,4,-26.315746307373047,-6.207200050354004,130.0,-26.315746307373047,-6.207200050354004,130.0,6.944240028293622,-73.23817259224722,0.0657387295566351,0.0806689128308171,0.0806689128308171,0.0,0.0,0.0,9.30407288165199,2.4227760688233473,True,83
SGC2024vxpsvt,2,4,-36.31574630737305,-6.207200050354004,120.0,-36.31574630737305,-6.207200050354004,110.0,6.944240028293622,-73.32867832575951,1.0802444224495495,0.123415732699262,0.110318990552995,0.0,-10.0,10.0,8.236348774819785,2.5492900092704165,True,74
SGC2023aygbqk,2,4,-86.31575012207031,-66.20719909667969,110.0,-86.31575012207031,-66.20719909667969,100.0,6.405253331865975,-73.78120702784618,0.610735170986235,0.240625915752716,0.2359238230767826,0.0,-10.0,10.0,9.28812156560849,0.17581753424684624,True,73
SGC2023gmpunt,2,4,-56.31574630737305,-46.20719909667969,110.0,-56.31574630737305,-56.20719909667969,100.0,6.495084449365076,-73.5096897927841,-0.0002016525711372,0.3052917571085276,0.2583608349499663,10.0,-10.0,14.142135623730953,8.669906101622185,-0.48792194830085306,True,69
SGC2024ayphwr,2,4,-86.31575012207031,-66.20719909667969,100.0,-96.31575012207033,-66.20719909667969,90.0,6.405253331865975,-73.87171276135847,0.075980042016452,1.2736382974055205,1.002693179581657,10.0,-10.0,14.142135623730953,8.871362857061639,0.6997900030274476,True,67
SGC2023vlxgsm,2,4,-56.31574630737305,-46.20719909667969,110.0,-56.31574630737305,-56.20719909667969,120.0,6.495084449365076,-73.5096897927841,-1.06587561155977,0.2359695191918818,0.0716657303157359,10.0,10.0,14.142135623730953,8.941289741856096,-1.5708788349484335,True,64
SGC2026ervxru,2,4,-46.31574630737305,-36.20719909667969,120.0,-46.31574630737305,-26.207199096679688,110.0,6.764577801862382,-73.41918405927181,1.594519377091296,0.2655244351964438,0.1365165463356657,10.0,-10.0,14.142135623730953,12.182916540792707,4.52586693058226,True,60
SGC2025pfhsaa,2,4,-76.31575012207031,-26.207199096679688,100.0,-86.31575012207031,-36.20719909667969,110.0,6.67474668436328,-73.78120702784618,-1.1217618084308896,0.1425058313882984,0.1394192782263583,14.142135623730953,10.0,17.320508075688775,9.121281053047912,0.41053403606296063,True,58
SGC2023zsjxob,2,4,-46.31574630737305,-26.207199096679688,100.0,-46.31574630737305,-26.207199096679688,90.0,6.764577801862382,-73.41918405927181,0.971962818564819,0.3145797190006975,0.2685800174697336,0.0,-10.0,10.0,6.88643865206211,-2.693424635480679,True,54
SGC2024mzadna,2,4,-66.31575012207031,-36.20719909667969,100.0,-66.31575012207031,-36.20719909667969,100.0,6.67474668436328,-73.60019556082159,0.023748252058958,0.1541167688069045,0.1541167688069045,0.0,0.0,0.0,8.167281552485507,0.5787100294651651,True,53
SGC2025lepnch,2,4,-66.31575012207031,-26.207199096679688,90.0,-66.31575012207031,-26.207199096679688,90.0,6.764577801862382,-73.60019556082159,0.039890531053067,0.0630338710283424,0.0630338710283424,0.0,0.0,0.0,7.714675904449132,-0.9554864076684237,True,52
SGC2025baxbsw,2,4,-76.31575012207031,-26.207199096679688,90.0,-86.31575012207031,-26.207199096679688,100.0,6.764577801862382,-73.78120702784618,-1.0638371478344606,0.2963383540252762,0.1605366424881103,10.0,10.0,14.142135623730953,8.884390986735491,-2.1972419910029197,True,52
SGC2024gnxfpx,2,4,-36.31574630737305,-46.20719909667969,110.0,-46.31574630737305,-36.20719909667969,110.0,6.67474668436328,-73.41918405927181,0.7137839054037718,0.6521784676699564,0.4647488226203606,14.142135623730953,0.0,14.142135623730953,8.299563678180132,3.3363673459450105,True,52
SGC2024ntcoru,2,4,-46.31574630737305,-16.207199096679688,120.0,-56.31574630737305,-16.207199096679688,120.0,6.854408919361483,-73.5096897927841,0.3291384585800339,0.3116170867399194,0.1593419129591797,10.0,0.0,10.0,9.132024463574593,0.5288015888418778,True,51
SGC2025ntpflt,2,4,-46.31574630737305,-16.207199096679688,110.0,-46.31574630737305,-16.207199096679688,100.0,6.854408919361483,-73.41918405927181,0.8389277775049377,0.2193271984428953,0.2174649272835352,0.0,-10.0,10.0,7.974716168042773,-0.7082502918740319,True,50
SGC2024vfxyxk,2,4,-56.31574630737305,-16.207199096679688,100.0,-56.31574630737305,-16.207199096679688,100.0,6.854408919361483,-73.5096897927841,0.0658841405052852,0.1231556578021723,0.1231556578021723,0.0,0.0,0.0,9.513339315308187,1.837159709018953,True,48
SGC2024rrawrx,2,4,-66.31575012207031,-16.207199096679688,110.0,-66.31575012207031,-6.207200050354004,100.0,6.944240028293622,-73.60019556082159,0.4512930091694915,0.6393814313339169,0.2816848737699373,9.999999046325684,-10.0,14.14213494938139,8.416189160363533,1.7061930214630892,True,45
SGC2023foaogn,2,4,-96.31575012207033,43.79280090332031,90.0,-96.31575012207033,43.79280090332031,90.0,7.393395624356093,-73.87171276135847,-0.1057248654090372,0.2428130459496196,0.2428130459496196,0.0,0.0,0.0,9.761834890962595,-1.396536255405251,True,42
SGC2023lrxsdt,2,4,-76.31575012207031,-36.20719909667969,90.0,-76.31575012207031,-36.20719909667969,80.0,6.67474668436328,-73.69070129433389,1.327727069533485,0.57104881953406,0.4683202209533021,0.0,-10.0,10.0,9.126073332132922,0.6673940959058763,True,40
SGC2025cuemts,2,4,-76.31575012207031,-66.20719909667969,100.0,-76.31575012207031,-66.20719909667969,100.0,6.405253331865975,-73.69070129433389,0.0454248635882255,0.0405745258144052,0.0405745258144052,0.0,0.0,0.0,8.777364125428898,-2.5118732992704684,True,38
SGC2023bfwuab,2,4,-56.31574630737305,-26.207199096679688,120.0,-66.31575012207031,-16.207199096679688,110.0,6.854408919361483,-73.60019556082159,0.7540723205919857,0.4277214748201562,0.0781417772139099,14.142138321129512,-10.0,17.320510278105544,8.561473101656771,-1.5126351014259025,True,38
SGC2025oxrdns,2,4,-66.31575012207031,-16.207199096679688,100.0,-66.31575012207031,-6.207200050354004,90.0,6.944240028293622,-73.60019556082159,0.7638081039773255,0.3170411869043678,0.2259618374211028,9.999999046325684,-10.0,14.14213494938139,7.180228169571437,-2.762116143062089,True,37
SGC2025ptvimd,2,4,-86.31575012207031,43.79280090332031,90.0,-86.31575012207031,33.79280090332031,80.0,7.303564506856992,-73.78120702784618,1.3616622823586262,0.5852515676865138,0.3248617484352006,10.0,-10.0,14.142135623730953,8.147030543811779,1.058230926978197,True,35
SGC2024mlcbrc,2,4,-86.31575012207031,-56.20719909667969,80.0,-86.31575012207031,-56.20719909667969,70.0,6.495084449365076,-73.78120702784618,0.9256506694843232,0.2493814041565594,0.137010073282084,0.0,-10.0,10.0,7.862471602060589,0.9419818933037516,True,35
SGC2025lcnjpq,2,4,-76.31575012207031,3.792799949645996,100.0,-76.31575012207031,13.792799949645996,90.0,7.123902263291825,-73.69070129433389,0.7733578554685865,0.4553265704852592,0.3762143973231951,10.0,-10.0,14.142135623730953,9.032572736970735,-3.0281279449300462,True,35
SGC2024jeofsz,2,4,-66.31575012207031,23.792800903320312,100.0,-66.31575012207031,23.792800903320312,100.0,7.21373338935789,-73.60019556082159,0.054918819623932,0.221720595872147,0.221720595872147,0.0,0.0,0.0,9.126699656900012,0.47018408997039707,True,34
SGC2022wyhzuh,2,4,-46.31574630737305,13.792799949645996,100.0,-56.31574630737305,3.792799949645996,90.0,7.034071145792724,-73.5096897927841,1.5206930816788855,0.7693799134134622,0.6365297263540115,14.142135623730953,-10.0,17.320508075688775,7.749063897958036,-0.5139977265248088,True,33
SGC2026fcpifa,2,4,-86.31575012207031,-46.20719909667969,100.0,-96.31575012207033,-46.20719909667969,110.0,6.584915566864178,-73.87171276135847,-1.2902612123792787,0.3284857862511012,0.1886139333837666,10.0,10.0,14.142135623730953,8.653557120516545,-1.4041909686631255,True,32
SGC2025vbnnea,2,4,-86.31575012207031,-26.207199096679688,110.0,-86.31575012207031,-26.207199096679688,110.0,6.764577801862382,-73.78120702784618,-0.0188433967887107,0.2883525140777899,0.2883525140777899,0.0,0.0,0.0,8.925865457792423,-1.7406752254938,True,30
SGC2023nknfaz,2,4,-56.31574630737305,43.79280090332031,120.0,-56.31574630737305,43.79280090332031,120.0,7.393395624356093,-73.5096897927841,0.1678663273278999,0.0834991855546683,0.0834991855546683,0.0,0.0,0.0,8.922836337569509,-1.7740209340048432,True,29
SGC2024rridzr,2,4,-76.31575012207031,43.79280090332031,90.0,-76.31575012207031,33.79280090332031,90.0,7.303564506856992,-73.69070129433389,0.7762507238168057,0.3689991062772624,0.1113163977170402,10.0,0.0,10.0,8.799801623589975,-0.11250922303994752,True,28
SGC2023hubsum,2,4,-76.31575012207031,53.79280090332031,90.0,-76.31575012207031,43.79280090332031,80.0,7.393395624356093,-73.69070129433389,1.1632473238580836,0.6317482457821803,0.3569404521845621,10.0,-10.0,14.142135623730953,6.405939893604564,0.9273252526226621,True,27
SGC2024mleidw,2,4,-36.31574630737305,-6.207200050354004,110.0,-46.31574630737305,3.792799949645996,110.0,7.034071145792724,-73.41918405927181,0.2486862613716045,1.254483656516432,1.080870875465295,14.142135623730953,0.0,14.142135623730953,9.249821110446053,1.8255519193306435,True,26
SGC2024dpefmj,2,4,-66.31575012207031,-16.207199096679688,90.0,-66.31575012207031,-16.207199096679688,90.0,6.854408919361483,-73.60019556082159,0.0925877027085864,0.041214051038394,0.041214051038394,0.0,0.0,0.0,7.766628874512715,-0.28849057876302375,True,25
SGC2025yztxps,2,4,-26.315746307373047,-6.207200050354004,120.0,-36.31574630737305,3.792799949645996,120.0,7.034071145792724,-73.32867832575951,0.3720533765509142,0.5731874237263925,0.0668245502026601,14.142135623730953,0.0,14.142135623730953,9.20468948017317,1.3287257529991083,True,25
SGC2024pgztmu,2,4,-86.31575012207031,43.79280090332031,100.0,-86.31575012207031,33.79280090332031,100.0,7.303564506856992,-73.78120702784618,0.6055162652856882,0.2703949059465775,0.0515005344687626,10.0,0.0,10.0,9.15277881390081,0.7572733778051775,True,24
SGC2026etbmrw,2,4,-86.31575012207031,3.792799949645996,100.0,-86.31575012207031,3.792799949645996,90.0,7.034071145792724,-73.78120702784618,0.7840288234625312,0.4201761878858352,0.3508516301482828,0.0,-10.0,10.0,8.78782262882446,-0.2484840756945827,True,24
SGC2025uzybwg,2,4,-46.31574630737305,-16.207199096679688,100.0,-56.31574630737305,-6.207200050354004,100.0,6.944240028293622,-73.5096897927841,0.1258361537328109,0.3748578523386096,0.3707145302596562,14.14213494938139,0.0,14.14213494938139,7.252118109144435,-4.26167949490918,True,24
SGC2026chbtcp,2,4,-16.315746307373047,-16.207199096679688,130.0,-26.315746307373047,-16.207199096679688,120.0,6.854408919361483,-73.23817259224722,1.863414683761638,0.1758023481988091,0.1756472046826589,10.0,-10.0,14.142135623730953,8.631338898107938,-1.6573381523133193,True,24
SGC2023vnacts,2,4,-66.31575012207031,-16.207199096679688,100.0,-66.31575012207031,-16.207199096679688,100.0,6.854408919361483,-73.60019556082159,0.0864418572416063,0.0569108893391695,0.0569108893391695,0.0,0.0,0.0,9.230641163974584,1.614411767329756,True,23
SGC2024edrgjo,2,4,-76.31575012207031,13.792799949645996,80.0,-76.31575012207031,13.792799949645996,70.0,7.123902263291825,-73.69070129433389,0.8724817830838667,0.4791290298872324,0.3926277632337742,0.0,-10.0,10.0,7.841137246284897,0.6680817428916592,True,22
SGC2024shrxer,2,4,-46.31574630737305,-16.207199096679688,120.0,-46.31574630737305,-6.207200050354004,120.0,6.944240028293622,-73.41918405927181,-0.2389913563761858,0.2985523004122689,0.2003668264552707,9.999999046325684,0.0,9.999999046325684,9.158829669444613,0.8238834990145565,True,21
SGC2025yykeuo,2,4,-46.31574630737305,-6.207200050354004,110.0,-46.31574630737305,-6.207200050354004,100.0,6.944240028293622,-73.41918405927181,0.7006815313901553,0.2424192604280553,0.173011103122367,0.0,-10.0,10.0,8.000782405229403,-0.3837042837115017,True,21
SGC2024pjcwqe,2,4,-26.315746307373047,43.79280090332031,100.0,-26.315746307373047,43.79280090332031,100.0,7.393395624356093,-73.23817259224722,0.0422165176659365,0.1532443002310036,0.1532443002310036,0.0,0.0,0.0,8.054814304215556,0.289037125178613,True,21
SGC2023wpfggw,2,4,-46.31574630737305,-56.20719909667969,120.0,-46.31574630737305,-56.20719909667969,120.0,6.495084449365076,-73.41918405927181,0.0225796840015917,0.2778326263673395,0.2778326263673395,0.0,0.0,0.0,8.982436510740259,-1.1179195397037511,True,20
SGC2024phxrsy,2,4,-76.31575012207031,-66.20719909667969,100.0,-76.31575012207031,-66.20719909667969,90.0,6.405253331865975,-73.69070129433389,0.8411895442450517,0.1391539861274285,0.1295419885058678,0.0,-10.0,10.0,7.626087057729235,-2.092830262647175,True,20
SGC2025tikvgn,2,4,-56.31574630737305,-26.207199096679688,120.0,-66.31575012207031,-16.207199096679688,130.0,6.854408919361483,-73.60019556082159,-0.8992336145116191,0.3925561224143893,0.1801318917401977,14.142138321129512,10.0,17.320510278105544,8.857993702426658,0.9250928054324823,True,20
SGC2023rtippf,2,4,-86.31575012207031,-56.20719909667969,90.0,-86.31575012207031,-56.20719909667969,100.0,6.495084449365076,-73.78120702784618,-0.8493461384996115,0.0611347968258704,0.0208833404889608,0.0,10.0,10.0,8.438890384685386,-1.7523492674523533,True,20
